GamerID,PreferredGenre_Adventure,PreferredGenre_Puzzle,PreferredGenre_RPG,PreferredGenre_Shooter,PreferredGenre_Simulation,PreferredGenre_Sports,AvgSessionTimeMins,SessionsPerWeek,InGamePurchases,AchievementsUnlocked,FriendsInNetwork,PrefersMultiplayer,UsesVoiceChat,StreamingHoursPerWeek,GamerType_Casual,GamerType_Strategist,GamerType_Socializer,GamerType_Explorer
1001,0,0,0,0,0,0,108.4,5,0,69,67,1,0,0.3,0,0,0,0
1002,0,1,0,0,0,0,43.2,11,2,36,210,1,1,0.7,0,0,1,0
1003,0,0,0,1,0,0,54.8,6,2,82,41,1,1,0.9,0,0,0,0
1004,0,0,0,1,0,0,86.0,4,3,72,12,1,1,0.3,1,0,0,0
1005,0,0,0,0,0,0,66.2,3,0,62,12,1,0,8.1,1,0,0,0
1006,0,0,0,1,0,0,54.8,4,2,57,141,1,1,3.8,0,0,0,1
1007,0,0,0,0,0,1,129.0,8,2,10,269,1,1,0.1,0,0,0,1
1008,0,0,0,0,0,0,38.0,9,4,87,187,1,0,5.5,1,0,0,0
1009,0,0,0,0,1,0,22.3,8,0,36,253,1,0,4.9,0,0,0,1
1010,0,0,1,0,0,0,44.3,6,2,53,24,1,0,1.1,0,0,0,1
1011,0,1,0,0,0,0,24.0,1,0,61,132,1,0,0.2,0,1,0,0
1012,1,0,0,0,0,0,59.5,5,3,24,104,1,1,1.6,0,0,0,1
1013,0,0,0,0,0,0,104.2,2,2,52,231,0,1,0.8,0,0,0,1
1014,0,0,0,0,1,0,69.0,9,1,15,214,0,0,0.2,0,1,0,0
1015,0,0,0,0,1,0,24.2,2,3,71,124,1,0,1.9,0,0,0,1
1016,1,0,0,0,0,0,23.4,14,4,99,255,0,0,0.5,0,0,1,0
1017,0,0,0,0,0,0,123.8,2,5,99,118,1,1,0.8,0,0,0,0
1018,0,1,0,0,0,0,93.7,6,2,50,68,1,0,5.1,1,0,0,0
1019,0,0,0,0,1,0,10.0,9,2,20,153,1,0,15.6,0,0,0,1
1020,0,0,0,0,0,1,81.3,9,3,66,147,0,0,2.3,0,0,0,1
1021,0,0,1,0,0,0,25.8,2,1,42,194,1,1,0.5,0,0,0,1
1022,0,0,0,1,0,0,48.6,3,4,36,296,1,0,1.4,1,0,0,0
1023,0,1,0,0,0,0,54.9,7,0,65,51,0,1,4.1,0,1,0,0
1024,0,0,0,1,0,0,49.0,13,1,10,155,1,1,3.1,0,0,0,0
1025,0,1,0,0,0,0,73.1,9,1,91,160,1,0,2.2,0,0,0,0
1026,0,0,1,0,0,0,39.1,11,4,37,225,1,1,12.5,1,0,0,0
1027,0,1,0,0,0,0,28.4,12,1,31,278,1,0,0.8,1,0,0,0
1028,0,0,1,0,0,0,59.4,4,2,5,265,0,0,1.3,0,0,1,0
1029,0,0,0,1,0,0,95.4,5,4,11,105,0,1,1.0,0,0,0,1
1030,0,1,0,0,0,0,42.5,14,5,7,137,0,1,0.4,0,0,0,0
1031,0,0,0,0,0,0,21.4,11,3,60,121,1,1,4.2,0,0,0,0
1032,1,0,0,0,0,0,35.0,8,1,27,46,0,0,0.9,1,0,0,0
1033,0,0,0,0,0,1,59.2,7,1,2,125,1,1,2.4,1,0,0,0
1034,1,0,0,0,0,0,35.4,2,2,43,249,1,0,0.3,0,0,0,0
1035,0,0,0,0,0,1,61.3,14,0,19,40,1,1,3.4,1,0,0,0
1036,1,0,0,0,0,0,51.3,8,2,16,199,1,1,8.3,0,0,1,0
1037,0,0,0,0,0,1,87.5,10,0,8,261,1,1,6.3,0,0,0,0
1038,0,0,1,0,0,0,101.2,1,4,99,46,1,0,1.2,0,1,0,0
1039,0,0,0,0,0,0,72.2,10,2,98,284,1,1,5.3,1,0,0,0
1040,0,1,0,0,0,0,123.1,8,1,44,59,0,1,0.2,0,0,1,0
1041,1,0,0,0,0,0,115.7,12,3,46,15,1,1,6.0,0,0,0,1
1042,0,0,0,0,1,0,27.2,13,3,46,284,0,0,3.5,0,0,0,0
1043,0,0,0,0,0,1,10.0,7,0,18,164,1,0,0.5,0,1,0,0
1044,0,0,0,0,0,1,48.8,11,1,53,127,1,1,1.0,0,0,0,0
1045,0,0,0,1,0,0,57.4,11,1,20,18,1,0,10.6,0,1,0,0
1046,1,0,0,0,0,0,55.5,4,2,83,268,1,0,1.1,0,1,0,0
1047,0,0,0,0,0,1,50.7,6,2,22,26,1,0,2.6,0,1,0,0
1048,0,0,0,0,0,0,99.2,6,2,60,181,1,0,7.0,1,0,0,0
1049,0,0,0,0,1,0,57.7,13,2,53,91,1,0,6.8,0,1,0,0
1050,1,0,0,0,0,0,50.3,2,7,35,266,1,0,6.7,0,1,0,0
1051,0,0,1,0,0,0,10.7,3,3,73,266,0,1,2.5,0,0,0,1
1052,0,0,0,0,0,0,48.4,9,2,61,61,1,0,5.4,0,0,0,1
1053,1,0,0,0,0,0,41.5,9,4,90,95,1,1,2.2,0,0,0,1
1054,0,0,1,0,0,0,84.1,12,2,11,252,0,0,7.2,0,0,0,1
1055,0,0,1,0,0,0,48.7,12,1,37,112,1,1,3.6,0,0,0,0
1056,0,0,0,0,0,1,77.7,3,1,46,5,1,1,4.6,0,1,0,0
1057,0,1,0,0,0,0,32.1,1,0,3,234,1,0,2.8,0,0,0,0
1058,0,0,0,0,1,0,56.6,3,3,26,158,1,0,1.7,0,0,1,0
1059,0,0,1,0,0,0,20.9,5,0,27,18,1,1,0.5,1,0,0,0
1060,1,0,0,0,0,0,66.9,12,3,0,216,1,0,8.5,0,0,0,1
1061,0,0,0,0,0,1,59.8,10,0,73,42,1,1,3.7,0,0,1,0
1062,0,0,0,0,0,1,88.2,2,2,38,223,1,1,1.7,0,0,0,0
1063,0,0,0,0,1,0,54.5,3,3,20,102,1,0,1.2,1,0,0,0
1064,0,0,0,0,0,1,70.9,5,2,61,215,1,1,0.3,1,0,0,0
1065,0,0,0,0,0,0,131.8,3,0,17,95,1,1,5.3,0,1,0,0
1066,0,0,0,0,0,0,105.9,10,4,20,118,0,0,2.1,0,0,0,0
1067,1,0,0,0,0,0,100.0,1,2,25,222,0,0,1.6,0,0,0,0
1068,1,0,0,0,0,0,102.1,7,2,1,259,0,0,1.1,1,0,0,0
1069,1,0,0,0,0,0,10.0,4,1,70,289,1,1,0.0,1,0,0,0
1070,0,0,1,0,0,0,73.3,9,3,56,292,1,1,0.5,0,0,0,1
1071,0,0,0,0,0,1,48.2,13,3,57,71,0,1,4.1,1,0,0,0
1072,0,0,0,0,0,0,60.1,12,3,82,182,1,1,1.3,0,1,0,0
1073,0,0,0,0,1,0,10.0,7,2,86,219,0,1,0.1,0,1,0,0
1074,0,0,0,0,0,1,108.6,3,2,62,84,1,0,3.4,0,0,1,0
1075,0,0,0,0,0,0,47.6,10,2,95,74,0,1,1.4,1,0,0,0
1076,0,0,0,0,0,1,67.6,9,2,86,75,0,1,0.5,0,0,1,0
1077,0,0,0,1,0,0,53.5,13,1,66,266,0,0,2.7,1,0,0,0
1078,0,0,0,1,0,0,88.8,10,1,1,133,0,0,1.9,0,0,0,1
1079,0,0,0,0,1,0,35.3,10,3,33,272,1,0,2.1,0,0,0,1
1080,0,1,0,0,0,0,86.8,8,4,62,213,1,1,0.6,1,0,0,0
1081,0,0,0,0,1,0,94.8,3,3,39,77,1,0,0.7,0,0,1,0
1082,0,0,0,0,0,0,59.7,3,0,13,154,1,1,0.5,1,0,0,0
1083,0,0,1,0,0,0,90.2,8,0,68,189,0,1,3.4,0,0,0,0
1084,0,0,0,0,0,1,57.9,10,2,73,88,1,0,2.6,0,0,0,1
1085,0,0,1,0,0,0,53.7,6,3,80,194,0,0,8.2,0,0,1,0
1086,0,0,1,0,0,0,50.0,14,1,74,181,0,0,1.9,0,1,0,0
1087,0,0,0,0,0,0,27.3,12,2,59,189,0,1,18.9,0,0,1,0
1088,0,0,0,1,0,0,32.2,11,1,85,89,1,1,0.8,0,0,1,0
1089,0,0,0,1,0,0,90.3,4,0,29,281,1,1,0.9,0,1,0,0
1090,0,0,1,0,0,0,113.1,6,3,94,284,1,0,7.2,0,0,0,1
1091,0,0,0,1,0,0,10.0,12,2,86,18,1,1,4.6,0,0,0,0
1092,0,0,0,0,1,0,10.0,12,0,53,25,1,0,2.4,0,0,1,0
1093,0,1,0,0,0,0,86.1,13,3,42,193,0,1,1.6,0,0,0,1
1094,0,0,0,1,0,0,91.4,2,5,83,19,1,0,0.8,0,0,0,1
1095,0,0,0,0,0,0,87.2,10,2,88,289,0,1,3.5,0,0,0,0
1096,0,0,0,0,0,0,126.7,1,2,33,129,0,0,2.0,0,0,0,1
1097,0,1,0,0,0,0,25.3,8,4,55,11,1,0,6.2,1,0,0,0
1098,0,0,0,0,1,0,105.5,6,1,87,45,0,1,2.4,0,0,0,1
1099,0,0,0,0,0,1,10.0,4,1,2,273,1,0,1.9,0,0,1,0
1100,0,1,0,0,0,0,80.3,8,2,66,293,1,1,1.0,0,1,0,0
1101,0,0,0,0,1,0,88.4,4,2,46,180,0,0,2.8,0,0,0,1
1102,0,0,0,1,0,0,21.0,9,0,66,124,1,0,1.1,0,0,0,1
1103,0,0,1,0,0,0,45.1,11,1,39,245,1,1,2.2,0,0,0,0
1104,0,0,0,1,0,0,62.4,11,1,98,229,1,0,5.7,1,0,0,0
1105,0,0,0,1,0,0,66.7,11,0,67,109,1,0,1.0,0,0,0,1
1106,0,0,1,0,0,0,44.8,7,0,15,98,1,1,12.6,0,0,1,0
1107,0,0,0,0,0,0,42.6,2,4,1,88,1,1,0.8,0,1,0,0
1108,0,0,0,0,0,1,102.5,14,2,86,295,1,1,2.8,0,0,1,0
1109,0,1,0,0,0,0,15.5,3,0,33,19,1,1,1.4,0,0,0,0
1110,0,0,0,0,0,1,47.0,9,0,78,2,1,0,5.3,0,0,0,1
1111,0,0,0,0,1,0,18.3,8,0,33,297,1,0,2.7,0,0,1,0
1112,0,0,0,0,1,0,31.6,2,0,24,169,1,1,1.7,1,0,0,0
1113,0,0,0,1,0,0,28.2,13,3,18,99,0,0,1.0,0,1,0,0
1114,1,0,0,0,0,0,35.3,4,4,68,149,1,1,2.1,0,0,0,0
1115,1,0,0,0,0,0,62.3,2,2,31,284,0,0,3.3,1,0,0,0
1116,1,0,0,0,0,0,83.3,11,1,4,44,1,0,14.2,1,0,0,0
1117,0,0,1,0,0,0,72.1,9,2,79,247,1,1,0.5,1,0,0,0
1118,0,1,0,0,0,0,67.4,4,2,17,158,0,1,4.6,0,1,0,0
1119,0,0,0,0,0,1,86.7,5,3,70,272,1,0,4.5,0,0,0,1
1120,0,0,0,0,0,0,32.1,12,1,9,275,1,1,3.2,0,0,1,0
1121,1,0,0,0,0,0,74.2,7,0,12,183,1,1,0.3,0,0,1,0
1122,0,0,1,0,0,0,112.5,13,2,55,186,1,0,1.0,0,0,1,0
1123,0,0,0,0,0,0,57.5,2,3,62,261,1,1,0.4,0,0,0,1
1124,1,0,0,0,0,0,10.0,9,2,83,107,1,1,3.1,0,0,0,0
1125,0,0,1,0,0,0,90.7,13,2,26,163,0,1,1.6,0,0,1,0
1126,0,0,1,0,0,0,63.7,6,4,88,272,1,1,8.7,0,1,0,0
1127,0,0,0,0,1,0,41.1,10,2,57,226,1,1,1.0,0,0,0,0
1128,0,0,1,0,0,0,84.7,10,1,87,164,1,1,1.1,0,0,0,1
1129,0,0,0,0,0,0,83.8,3,2,17,194,1,1,5.4,0,0,1,0
1130,0,0,1,0,0,0,87.5,2,1,83,263,1,0,1.2,1,0,0,0
1131,0,0,0,1,0,0,128.4,7,0,85,260,0,1,1.3,0,1,0,0
1132,0,0,0,0,0,0,72.9,13,5,49,189,1,0,4.0,0,0,0,0
1133,0,0,0,0,0,0,47.0,10,2,67,117,1,0,0.1,1,0,0,0
1134,0,1,0,0,0,0,68.8,11,1,6,297,1,0,1.5,0,1,0,0
1135,0,0,0,0,1,0,69.0,1,1,8,284,1,1,0.5,0,1,0,0
1136,0,1,0,0,0,0,10.0,1,2,15,37,1,1,3.3,0,0,0,0
1137,0,0,0,1,0,0,51.6,9,0,69,52,1,1,1.8,0,0,0,0
1138,0,0,0,0,0,0,21.1,9,4,1,94,1,0,5.4,0,0,1,0
1139,1,0,0,0,0,0,29.2,11,0,68,169,1,1,1.8,0,0,0,0
1140,0,0,1,0,0,0,54.0,1,3,22,123,1,0,1.8,0,0,0,1
1141,0,0,0,0,0,0,86.4,8,0,66,186,1,0,1.0,0,0,0,0
1142,1,0,0,0,0,0,83.0,5,2,74,159,1,1,5.6,0,0,1,0
1143,0,0,1,0,0,0,82.8,9,3,64,155,0,1,1.0,0,0,0,1
1144,0,1,0,0,0,0,58.5,7,2,88,78,1,1,0.4,0,0,0,0
1145,1,0,0,0,0,0,60.5,12,5,89,152,1,0,3.3,1,0,0,0
1146,0,0,0,0,0,0,26.3,7,2,73,93,1,0,0.2,0,0,0,0
1147,0,0,0,0,0,0,84.2,3,1,80,62,1,1,5.8,0,0,1,0
1148,0,0,1,0,0,0,69.6,11,1,52,8,1,1,1.3,0,0,0,1
1149,0,0,0,1,0,0,71.2,10,0,10,71,0,1,4.9,0,0,1,0
1150,0,0,0,0,1,0,48.3,14,3,7,217,1,1,0.5,0,0,1,0
1151,1,0,0,0,0,0,13.4,13,5,85,295,0,1,3.2,0,0,1,0
1152,0,0,0,0,0,0,123.6,1,2,1,254,1,1,0.8,0,1,0,0
1153,0,1,0,0,0,0,91.7,14,2,24,286,0,1,1.3,0,0,0,0
1154,0,0,0,0,0,1,66.1,3,2,37,279,0,0,7.4,1,0,0,0
1155,1,0,0,0,0,0,46.8,14,2,73,37,1,0,0.9,0,0,0,0
1156,0,1,0,0,0,0,85.5,10,2,25,99,1,1,0.4,0,0,1,0
1157,0,0,0,0,0,1,90.2,13,6,35,5,1,1,2.4,0,0,0,1
1158,0,0,0,0,0,1,21.0,7,0,66,30,0,1,1.5,0,1,0,0
1159,0,0,0,0,0,0,69.7,1,3,56,54,1,1,3.0,0,0,1,0
1160,0,0,0,0,1,0,73.8,14,0,93,77,0,1,0.1,0,0,1,0
1161,0,1,0,0,0,0,82.6,6,0,50,96,1,0,3.5,0,0,0,0
1162,0,0,0,1,0,0,45.7,8,1,48,275,0,0,2.2,1,0,0,0
1163,0,0,0,1,0,0,10.0,11,1,55,173,1,1,4.4,0,0,1,0
1164,1,0,0,0,0,0,38.9,7,1,27,44,1,0,8.8,0,0,0,0
1165,0,0,0,0,1,0,66.6,4,2,4,48,1,0,2.4,0,0,0,1
1166,0,0,0,0,0,1,91.7,5,2,16,1,1,1,0.0,1,0,0,0
1167,1,0,0,0,0,0,92.2,8,4,32,230,0,1,6.8,0,0,1,0
1168,1,0,0,0,0,0,56.9,13,3,31,56,1,1,0.2,0,1,0,0
1169,0,0,0,1,0,0,28.4,10,2,33,257,0,0,11.4,1,0,0,0
1170,0,0,1,0,0,0,66.0,8,1,0,268,1,1,4.8,0,0,0,0
1171,0,0,0,1,0,0,54.2,14,5,44,115,0,0,0.6,0,0,0,0
1172,1,0,0,0,0,0,60.6,3,7,45,37,1,0,2.5,0,0,1,0
1173,0,1,0,0,0,0,77.2,11,2,49,270,1,0,5.7,0,0,0,1
1174,0,0,0,0,1,0,57.6,7,3,42,175,1,0,6.0,0,1,0,0
1175,0,0,0,0,1,0,126.8,9,0,93,259,1,0,3.7,0,0,0,0
1176,0,0,1,0,0,0,40.1,11,2,50,171,1,1,1.7,0,1,0,0
1177,0,1,0,0,0,0,77.4,7,5,86,50,0,0,6.7,0,0,0,0
1178,0,1,0,0,0,0,33.3,14,2,11,19,1,1,0.7,1,0,0,0
1179,1,0,0,0,0,0,19.1,4,2,78,85,1,0,5.9,0,1,0,0
1180,0,1,0,0,0,0,81.1,7,0,76,169,0,1,7.9,0,0,0,0
1181,0,0,0,0,1,0,10.0,5,1,82,11,0,1,3.0,0,0,0,1
1182,0,1,0,0,0,0,64.5,4,2,70,28,1,0,0.6,1,0,0,0
1183,1,0,0,0,0,0,47.8,6,2,64,58,1,0,1.3,0,1,0,0
1184,0,0,0,0,0,0,94.9,5,3,29,221,1,0,1.1,0,0,1,0
1185,0,0,0,0,0,0,38.5,6,0,22,106,0,1,1.0,0,0,0,1
1186,0,0,0,1,0,0,38.0,8,0,87,245,1,0,1.7,1,0,0,0
1187,0,0,1,0,0,0,49.3,12,0,0,119,1,1,6.5,0,1,0,0
1188,0,0,0,1,0,0,77.1,9,2,23,242,1,0,4.9,0,0,0,1
1189,0,0,1,0,0,0,64.8,14,2,53,108,0,1,3.1,0,0,0,0
1190,0,1,0,0,0,0,40.7,6,3,41,270,1,0,1.7,0,0,0,1
1191,0,0,0,0,0,1,30.8,8,2,91,20,0,1,11.9,1,0,0,0
1192,0,1,0,0,0,0,70.5,2,0,33,281,1,0,0.4,0,0,1,0
1193,1,0,0,0,0,0,81.7,10,4,1,197,0,0,3.4,1,0,0,0
1194,1,0,0,0,0,0,74.9,11,0,62,205,1,0,6.7,0,0,1,0
1195,0,0,0,1,0,0,97.1,5,4,28,52,1,1,3.6,0,1,0,0
1196,0,0,0,0,1,0,13.9,7,1,55,143,1,1,1.1,0,1,0,0
1197,0,0,0,0,1,0,63.1,13,2,25,219,1,1,1.3,0,0,0,0
1198,0,0,0,0,0,1,68.7,11,0,51,29,1,0,5.7,1,0,0,0
1199,0,0,0,0,0,1,72.9,14,3,7,114,0,0,0.1,0,1,0,0
1200,0,0,0,0,0,1,37.5,7,1,29,19,1,1,0.5,1,0,0,0
1201,0,0,1,0,0,0,42.1,8,3,73,17,1,0,1.1,0,1,0,0
1202,0,0,1,0,0,0,53.9,7,4,15,197,1,1,1.5,0,0,0,0
1203,0,1,0,0,0,0,10.4,12,1,91,44,0,0,10.2,1,0,0,0
1204,0,1,0,0,0,0,89.3,10,3,25,133,1,0,0.3,0,0,1,0
1205,0,0,0,1,0,0,106.1,4,2,73,13,1,0,6.1,0,1,0,0
1206,0,0,0,1,0,0,36.6,4,1,74,136,1,1,2.4,1,0,0,0
1207,0,0,0,0,0,1,39.3,2,5,51,205,1,1,1.9,1,0,0,0
1208,0,0,0,1,0,0,10.0,1,1,49,298,1,0,1.0,0,1,0,0
1209,1,0,0,0,0,0,75.3,13,2,2,12,1,1,4.0,1,0,0,0
1210,0,0,1,0,0,0,55.7,8,1,24,260,1,1,0.0,0,0,0,0
1211,0,0,0,1,0,0,85.2,7,1,48,23,0,0,2.5,0,0,1,0
1212,0,0,0,0,0,0,39.9,2,2,63,12,1,1,2.9,0,0,0,1
1213,0,0,0,0,0,0,81.1,2,4,59,22,1,1,4.7,0,0,1,0
1214,0,1,0,0,0,0,76.8,10,2,0,280,1,1,1.5,0,1,0,0
1215,1,0,0,0,0,0,124.0,2,1,69,204,1,0,5.3,0,0,0,1
1216,0,0,0,1,0,0,19.0,2,1,44,240,0,1,1.9,1,0,0,0
1217,0,0,0,1,0,0,90.2,2,0,64,28,0,0,8.0,0,0,1,0
1218,1,0,0,0,0,0,88.6,8,0,72,183,1,0,12.2,1,0,0,0
1219,0,0,0,0,1,0,105.3,13,1,27,95,1,1,0.0,0,1,0,0
1220,0,0,0,0,0,0,31.8,13,4,47,237,0,1,0.6,0,0,0,0
1221,0,0,0,0,0,1,60.7,1,3,4,28,1,1,4.7,0,0,1,0
1222,0,0,0,0,0,1,94.9,6,2,81,272,1,0,0.5,0,0,0,1
1223,0,0,0,0,1,0,53.0,10,4,92,285,0,0,0.1,0,0,1,0
1224,0,0,0,1,0,0,45.5,9,2,32,93,1,0,4.6,0,1,0,0
1225,0,0,0,0,0,1,81.5,2,2,43,40,0,1,0.9,0,0,1,0
1226,0,1,0,0,0,0,86.4,7,1,7,178,1,1,3.5,0,0,1,0
1227,0,0,1,0,0,0,71.4,8,2,62,187,1,1,3.1,1,0,0,0
1228,0,0,0,1,0,0,44.4,11,1,37,60,0,1,0.3,0,0,1,0
1229,0,0,0,0,0,1,73.8,14,2,88,35,1,1,7.6,1,0,0,0
1230,1,0,0,0,0,0,80.5,13,1,42,285,0,0,3.9,0,1,0,0
1231,0,0,0,1,0,0,57.5,6,4,49,28,0,1,2.0,0,0,1,0
1232,1,0,0,0,0,0,29.9,4,4,24,109,1,0,0.0,1,0,0,0
1233,0,0,1,0,0,0,18.5,2,2,87,49,1,1,0.1,0,0,1,0
1234,0,0,1,0,0,0,31.1,11,2,74,7,0,1,2.2,0,0,0,0
1235,0,0,0,1,0,0,50.2,8,2,85,22,0,0,1.6,0,0,0,0
1236,0,0,0,0,0,1,84.4,8,4,62,97,1,1,2.9,1,0,0,0
1237,0,1,0,0,0,0,21.4,1,2,96,223,1,1,0.2,0,0,0,0
1238,0,0,0,0,0,0,54.6,1,2,2,289,1,1,1.6,0,0,1,0
1239,0,0,0,1,0,0,43.4,12,2,35,63,1,0,0.2,0,0,1,0
1240,0,0,0,1,0,0,10.0,7,1,53,183,1,0,2.4,0,0,0,0
1241,0,0,0,0,1,0,84.4,9,1,99,142,1,1,4.6,0,0,0,0
1242,0,0,0,1,0,0,28.9,3,0,72,62,1,0,3.1,0,0,0,0
1243,0,0,0,0,0,1,28.3,12,1,49,270,1,0,0.4,0,0,1,0
1244,0,0,0,0,0,0,10.0,6,1,59,16,0,0,0.9,0,0,0,0
1245,0,0,0,0,0,0,92.4,1,1,0,203,1,1,2.2,0,0,1,0
1246,0,0,0,0,1,0,98.5,4,1,48,286,1,1,5.7,0,1,0,0
1247,0,0,0,0,0,0,100.1,9,3,49,233,1,0,3.7,0,1,0,0
1248,0,0,1,0,0,0,63.4,6,1,90,268,1,0,1.1,1,0,0,0
1249,0,0,0,1,0,0,46.6,12,2,89,98,1,0,1.3,1,0,0,0
1250,0,0,0,0,0,1,63.3,8,3,21,7,0,0,0.2,0,0,1,0
1251,0,0,0,1,0,0,57.2,5,2,39,43,0,0,9.7,0,0,0,1
1252,1,0,0,0,0,0,61.0,10,2,85,97,1,0,2.6,0,0,0,0
1253,0,0,0,0,0,0,43.8,2,3,36,22,1,0,4.2,0,1,0,0
1254,0,0,0,1,0,0,82.8,14,0,44,173,1,0,0.5,1,0,0,0
1255,0,0,0,0,1,0,104.8,1,2,81,218,0,1,0.5,0,0,0,1
1256,0,1,0,0,0,0,41.7,11,1,97,123,0,0,1.2,0,1,0,0
1257,1,0,0,0,0,0,33.2,12,0,55,102,1,1,0.8,0,0,1,0
1258,0,1,0,0,0,0,59.8,5,2,13,70,1,0,2.1,0,0,1,0
1259,1,0,0,0,0,0,102.3,7,6,64,217,1,1,0.5,0,0,1,0
1260,0,0,1,0,0,0,24.1,2,1,44,266,1,1,6.0,0,0,0,1
1261,0,0,0,0,0,0,63.3,12,2,10,183,1,1,1.6,0,0,0,1
1262,0,1,0,0,0,0,82.0,10,4,53,120,0,1,3.7,1,0,0,0
1263,0,0,0,0,0,0,82.7,11,2,81,206,1,0,0.9,0,0,0,1
1264,0,0,0,0,0,1,54.8,5,3,79,171,1,1,5.5,0,0,0,1
1265,0,0,0,1,0,0,49.4,11,4,4,217,0,0,2.5,0,1,0,0
1266,0,0,0,0,0,1,68.2,14,1,5,44,1,1,0.1,0,0,1,0
1267,1,0,0,0,0,0,39.9,4,3,8,121,1,1,3.5,0,1,0,0
1268,0,0,0,0,1,0,65.9,1,1,97,217,1,0,3.1,0,0,1,0
1269,0,1,0,0,0,0,90.5,14,2,88,296,0,1,0.9,1,0,0,0
1270,0,0,1,0,0,0,47.7,3,2,3,184,1,0,1.1,0,0,0,0
1271,0,0,0,0,1,0,52.9,12,1,22,105,1,0,3.7,0,1,0,0
1272,0,0,0,0,1,0,41.5,1,3,33,243,0,0,1.2,0,1,0,0
1273,1,0,0,0,0,0,58.1,12,4,16,271,1,1,1.0,0,1,0,0
1274,0,0,0,0,1,0,37.8,3,0,93,7,1,1,3.7,0,1,0,0
1275,0,0,0,0,1,0,82.0,1,0,76,146,1,1,2.0,0,0,0,1
1276,0,0,0,0,0,0,23.1,6,2,2,15,1,0,7.0,0,1,0,0
1277,1,0,0,0,0,0,71.5,3,1,66,56,1,1,0.9,0,0,0,0
1278,1,0,0,0,0,0,17.7,8,4,27,201,1,1,2.5,1,0,0,0
1279,0,1,0,0,0,0,113.6,3,1,45,128,1,0,3.0,1,0,0,0
1280,0,0,0,0,1,0,88.7,11,3,29,135,0,1,1.4,1,0,0,0
1281,0,0,0,1,0,0,81.1,8,3,0,260,1,1,1.2,1,0,0,0
1282,0,0,0,0,1,0,10.0,7,1,60,164,1,1,1.5,0,0,0,1
1283,0,1,0,0,0,0,93.2,1,0,84,273,0,0,10.9,0,0,1,0
1284,0,0,0,0,0,0,63.5,4,1,43,117,0,0,12.4,0,0,1,0
1285,0,0,0,0,1,0,100.9,12,2,14,25,1,1,0.6,0,0,0,0
1286,1,0,0,0,0,0,92.3,1,2,2,126,1,1,13.4,0,1,0,0
1287,0,0,0,0,0,0,27.3,1,2,61,211,0,0,2.3,0,0,0,0
1288,0,0,0,0,1,0,79.7,7,3,55,118,0,1,2.0,0,1,0,0
1289,0,0,1,0,0,0,42.5,12,1,15,101,1,0,0.5,0,1,0,0
1290,0,0,0,0,0,0,53.3,8,0,70,163,0,0,0.4,1,0,0,0
1291,0,1,0,0,0,0,37.3,1,3,40,192,1,0,0.2,0,0,0,0
1292,0,0,0,0,0,1,89.3,3,0,47,35,0,0,8.6,0,0,0,1
1293,0,0,0,0,0,0,66.0,10,2,93,146,1,0,3.1,0,0,0,1
1294,0,0,0,0,0,1,50.3,1,4,4,2,1,0,0.9,1,0,0,0
1295,0,0,0,0,0,1,72.7,13,2,42,131,1,0,0.9,0,0,0,0
1296,0,0,1,0,0,0,100.1,14,1,87,138,1,1,0.2,0,1,0,0
1297,1,0,0,0,0,0,46.7,1,1,61,203,1,0,1.3,0,0,0,1
1298,1,0,0,0,0,0,32.6,12,0,60,129,1,0,1.7,0,0,1,0
1299,0,1,0,0,0,0,62.1,10,3,16,224,0,1,1.8,0,0,0,1
1300,0,0,0,0,1,0,10.0,14,0,93,201,1,0,1.4,1,0,0,0
1301,0,0,0,0,0,0,71.9,2,0,13,235,1,1,3.0,0,1,0,0
1302,1,0,0,0,0,0,58.8,13,1,16,30,1,1,0.9,0,0,0,0
1303,0,1,0,0,0,0,123.4,4,3,69,234,1,1,1.6,1,0,0,0
1304,0,0,1,0,0,0,37.6,11,0,69,285,1,1,0.4,0,0,0,0
1305,1,0,0,0,0,0,89.8,2,3,74,147,1,0,3.9,0,0,0,1
1306,0,0,1,0,0,0,59.7,6,1,34,265,1,1,2.7,0,0,1,0
1307,0,0,0,0,1,0,40.3,7,0,16,238,1,1,0.4,0,0,0,1
1308,0,0,1,0,0,0,80.7,7,2,58,140,1,1,1.1,0,0,0,0
1309,0,1,0,0,0,0,37.2,9,3,45,285,1,1,1.7,1,0,0,0
1310,0,0,0,0,0,0,14.7,3,1,15,81,1,0,1.6,0,1,0,0
1311,0,0,0,0,1,0,60.2,14,2,24,105,1,0,1.2,0,0,0,0
1312,0,1,0,0,0,0,49.9,8,2,36,27,0,1,4.6,0,0,0,1
1313,0,0,0,0,0,0,61.2,10,2,12,180,1,1,3.1,0,0,0,0
1314,0,1,0,0,0,0,47.9,12,5,58,186,1,1,6.9,0,1,0,0
1315,0,0,1,0,0,0,30.9,6,3,7,273,1,1,0.7,0,0,1,0
1316,1,0,0,0,0,0,87.2,10,2,10,190,1,0,2.3,1,0,0,0
1317,0,0,0,0,0,1,31.0,9,2,69,210,1,0,2.1,0,0,0,1
1318,0,0,0,1,0,0,67.2,7,2,17,168,0,1,0.8,0,0,0,0
1319,0,0,0,0,1,0,81.8,2,0,73,185,0,0,3.9,0,0,0,0
1320,0,0,1,0,0,0,77.0,9,5,29,66,1,0,4.6,0,0,0,0
1321,1,0,0,0,0,0,72.0,4,2,92,192,1,1,2.7,0,0,0,1
1322,1,0,0,0,0,0,82.5,9,2,11,82,1,0,0.5,0,0,1,0
1323,0,0,0,0,0,1,77.3,6,3,2,191,0,1,8.0,1,0,0,0
1324,0,0,0,1,0,0,45.0,7,2,92,128,1,1,2.6,1,0,0,0
1325,0,0,0,1,0,0,91.0,10,2,64,245,0,1,1.6,0,1,0,0
1326,0,0,0,0,0,0,10.0,7,3,76,169,1,1,1.9,0,0,0,0
1327,0,0,0,0,0,0,68.2,13,2,47,21,0,0,2.5,0,0,0,0
1328,0,1,0,0,0,0,80.2,10,3,48,201,0,0,1.7,0,0,0,1
1329,0,0,0,1,0,0,60.4,3,1,75,295,1,0,6.9,0,1,0,0
1330,1,0,0,0,0,0,98.5,11,1,51,115,1,1,4.6,1,0,0,0
1331,0,0,0,0,1,0,52.7,13,1,71,31,1,1,1.0,0,1,0,0
1332,0,0,0,1,0,0,33.7,8,0,91,168,1,1,4.2,0,1,0,0
1333,0,0,0,1,0,0,82.7,8,8,43,14,0,1,4.6,0,0,0,0
1334,1,0,0,0,0,0,105.5,10,2,61,114,1,1,0.9,0,0,0,1
1335,0,0,0,0,0,1,144.2,11,2,53,232,1,0,0.5,0,0,0,0
1336,0,0,0,0,0,1,69.0,9,2,17,17,0,0,1.8,0,0,1,0
1337,0,0,0,0,1,0,93.1,7,2,82,218,1,1,0.1,0,1,0,0
1338,0,1,0,0,0,0,24.6,9,2,17,157,1,0,0.8,0,0,0,0
1339,0,0,0,1,0,0,124.5,13,1,33,10,1,1,0.9,0,0,0,0
1340,0,1,0,0,0,0,81.0,5,2,73,45,1,0,0.1,0,0,1,0
1341,0,0,0,0,1,0,70.9,11,2,76,108,1,1,1.1,1,0,0,0
1342,1,0,0,0,0,0,26.3,1,1,73,260,1,1,2.0,0,0,0,1
1343,0,0,0,0,0,0,59.0,7,1,53,53,0,1,0.2,0,0,0,0
1344,0,0,0,0,0,0,67.4,11,0,80,127,1,1,3.7,0,1,0,0
1345,0,0,1,0,0,0,47.2,13,3,89,227,1,1,1.9,0,0,0,1
1346,0,0,0,1,0,0,54.6,9,5,28,202,1,0,10.8,0,0,1,0
1347,0,0,0,0,0,0,51.4,1,0,93,51,1,1,1.3,0,1,0,0
1348,0,0,1,0,0,0,85.5,7,0,94,52,1,0,1.3,1,0,0,0
1349,0,0,0,0,0,1,22.8,10,1,55,189,0,1,9.2,1,0,0,0
1350,0,0,1,0,0,0,18.0,11,0,81,164,1,0,1.5,0,0,0,0
1351,0,0,0,0,0,0,66.6,1,1,5,37,1,1,4.5,0,0,0,0
1352,0,0,0,0,1,0,75.4,14,2,20,95,1,1,1.1,0,0,0,0
1353,0,1,0,0,0,0,37.3,10,4,48,13,0,1,2.8,0,0,1,0
1354,0,0,0,1,0,0,85.2,11,0,15,79,1,1,1.3,0,1,0,0
1355,0,0,0,1,0,0,62.9,13,1,50,27,0,0,3.5,0,0,0,0
1356,1,0,0,0,0,0,88.5,11,3,87,231,0,1,3.2,0,0,1,0
1357,0,0,0,0,0,1,125.8,9,5,84,133,1,1,2.5,0,0,0,1
1358,0,0,0,0,1,0,46.3,6,3,83,67,1,1,0.3,0,0,0,0
1359,0,0,1,0,0,0,45.0,4,2,90,223,1,1,0.4,0,0,0,1
1360,0,0,0,1,0,0,40.2,5,0,76,37,1,1,1.8,0,1,0,0
1361,0,0,0,0,0,0,66.0,8,4,80,270,1,0,5.7,0,1,0,0
1362,0,0,0,0,1,0,108.1,14,0,60,82,0,1,4.9,0,0,1,0
1363,0,0,0,1,0,0,62.8,4,2,83,234,1,1,4.3,0,0,1,0
1364,0,0,0,0,0,1,69.0,5,1,51,169,1,0,0.1,0,0,0,1
1365,0,0,0,0,0,0,117.0,1,1,78,253,1,0,4.3,0,0,0,0
1366,0,0,0,0,0,1,39.2,11,8,65,104,1,0,5.0,0,0,0,1
1367,0,0,1,0,0,0,58.2,9,4,93,63,0,0,1.7,0,0,1,0
1368,0,0,0,1,0,0,10.0,6,1,24,20,1,0,0.6,1,0,0,0
1369,0,0,1,0,0,0,26.1,14,1,66,169,0,1,1.2,0,0,1,0
1370,0,0,0,0,0,0,101.8,14,2,4,35,1,1,0.5,0,0,0,0
1371,0,0,0,0,0,1,86.1,7,3,51,212,1,1,0.6,0,1,0,0
1372,0,0,0,0,0,1,81.9,2,2,62,169,0,0,8.1,0,0,1,0
1373,0,0,0,0,0,1,62.4,14,3,44,274,1,1,0.2,0,0,1,0
1374,0,0,0,0,0,1,12.8,4,0,91,187,1,1,3.1,0,1,0,0
1375,0,0,0,1,0,0,60.5,10,5,67,179,0,0,0.9,1,0,0,0
1376,1,0,0,0,0,0,66.4,3,4,52,168,1,1,1.2,0,0,1,0
1377,0,0,0,1,0,0,60.3,13,4,37,260,1,1,1.5,0,1,0,0
1378,0,0,0,0,0,0,22.8,1,5,9,199,0,1,1.4,0,0,1,0
1379,0,0,0,0,1,0,11.6,7,2,51,185,1,0,4.3,0,0,1,0
1380,0,1,0,0,0,0,83.2,5,3,59,47,0,1,0.8,0,0,0,0
1381,1,0,0,0,0,0,105.1,13,3,81,212,1,1,1.7,0,1,0,0
1382,0,0,0,0,0,0,119.7,3,4,38,73,1,1,14.1,1,0,0,0
1383,0,0,0,0,1,0,51.4,14,3,44,55,1,0,0.2,1,0,0,0
1384,0,0,0,0,0,0,52.7,8,1,82,21,0,1,0.2,0,0,0,1
1385,0,0,0,0,0,0,82.9,7,2,90,211,1,0,4.3,0,1,0,0
1386,0,1,0,0,0,0,85.6,4,2,67,265,1,1,0.5,1,0,0,0
1387,0,0,0,0,0,0,77.8,1,1,47,205,1,0,5.0,0,0,1,0
1388,0,0,1,0,0,0,19.4,7,1,16,110,1,1,1.3,1,0,0,0
1389,0,0,0,0,0,1,60.2,14,5,17,113,0,0,0.0,0,0,0,0
1390,0,0,0,0,0,0,125.4,3,1,44,81,0,0,0.6,1,0,0,0
1391,0,0,0,1,0,0,47.0,3,2,94,157,0,0,0.1,0,0,1,0
1392,0,0,1,0,0,0,121.6,8,2,16,290,0,1,5.0,0,1,0,0
1393,0,0,0,0,1,0,107.5,3,1,6,69,0,1,0.7,0,0,1,0
1394,0,0,0,0,0,1,17.4,7,4,83,34,0,0,2.3,0,0,0,0
1395,1,0,0,0,0,0,52.3,2,2,45,26,1,1,5.2,0,0,1,0
1396,1,0,0,0,0,0,64.2,9,1,34,273,0,1,3.0,0,0,1,0
1397,0,0,0,1,0,0,115.1,8,2,70,236,0,1,1.7,0,0,1,0
1398,0,0,0,0,0,0,52.6,4,3,21,55,1,0,3.5,1,0,0,0
1399,0,0,1,0,0,0,90.8,9,3,65,150,1,1,2.3,0,1,0,0
1400,0,0,0,1,0,0,90.4,14,1,77,23,1,1,0.3,0,0,1,0
1401,0,0,0,1,0,0,34.1,1,4,7,93,0,1,3.5,0,0,1,0
1402,0,0,0,1,0,0,19.5,14,2,13,65,1,1,0.6,0,1,0,0
1403,0,0,0,0,1,0,81.1,6,2,85,176,1,1,2.1,0,0,1,0
1404,0,0,0,0,0,1,50.6,10,1,68,8,1,1,0.2,0,0,0,1
1405,0,0,0,0,0,1,53.2,9,0,46,56,1,0,0.3,0,0,1,0
1406,0,0,0,0,0,1,103.1,11,0,57,186,1,0,0.1,1,0,0,0
1407,0,0,0,0,0,0,75.9,8,1,81,41,0,0,11.2,0,0,0,1
1408,0,0,0,0,0,1,103.2,5,4,45,266,1,1,4.8,0,1,0,0
1409,0,0,0,1,0,0,17.1,11,1,70,136,0,0,1.4,0,1,0,0
1410,0,0,0,0,0,1,103.4,12,3,50,34,1,0,1.7,0,1,0,0
1411,1,0,0,0,0,0,86.2,14,7,71,196,0,1,4.1,0,1,0,0
1412,0,0,0,0,0,1,10.0,9,2,69,276,1,0,0.7,0,1,0,0
1413,1,0,0,0,0,0,51.6,9,5,97,25,1,0,6.4,0,0,1,0
1414,1,0,0,0,0,0,10.0,8,1,84,86,0,0,0.6,0,0,0,1
1415,0,0,0,0,1,0,63.7,14,3,46,102,1,0,1.0,0,1,0,0
1416,0,0,0,0,0,1,54.7,1,1,96,40,0,1,1.4,1,0,0,0
1417,0,1,0,0,0,0,58.8,10,2,33,14,1,1,0.1,0,1,0,0
1418,1,0,0,0,0,0,75.6,6,0,24,122,1,0,4.4,0,0,0,1
1419,0,0,0,0,0,1,29.4,12,2,20,228,1,1,2.3,0,1,0,0
1420,0,0,0,0,1,0,132.0,4,2,8,136,0,0,0.9,1,0,0,0
1421,0,0,1,0,0,0,33.4,6,2,59,70,1,1,14.4,0,0,0,0
1422,0,1,0,0,0,0,56.4,9,1,4,288,1,1,2.4,0,0,1,0
1423,1,0,0,0,0,0,25.7,8,2,57,10,1,1,2.2,0,0,0,1
1424,0,0,0,0,0,0,99.7,5,2,82,115,1,1,2.3,1,0,0,0
1425,0,0,1,0,0,0,76.2,10,1,97,105,0,0,0.4,0,0,0,0
1426,0,0,0,0,1,0,67.7,8,5,85,185,1,1,0.8,0,1,0,0
1427,0,0,0,0,1,0,46.8,2,1,86,214,1,1,2.8,0,1,0,0
1428,0,0,0,0,0,1,22.3,5,1,99,286,0,1,0.5,0,0,0,0
1429,1,0,0,0,0,0,71.4,11,4,62,139,0,0,4.1,0,0,1,0
1430,0,0,0,0,0,0,37.0,12,2,98,99,1,0,6.8,0,1,0,0
1431,0,0,1,0,0,0,92.8,9,1,1,55,1,0,0.2,1,0,0,0
1432,0,1,0,0,0,0,76.8,8,1,67,114,1,1,0.2,0,0,0,0
1433,0,0,0,0,0,1,79.2,7,2,36,60,1,1,1.5,1,0,0,0
1434,0,1,0,0,0,0,76.9,10,1,83,141,0,0,1.4,0,0,0,0
1435,0,1,0,0,0,0,67.0,2,1,75,246,1,0,4.0,1,0,0,0
1436,0,0,0,0,0,0,84.1,5,1,30,256,0,0,0.9,0,0,0,0
1437,1,0,0,0,0,0,101.3,1,2,94,232,0,0,6.3,0,0,1,0
1438,0,0,0,1,0,0,65.5,9,1,21,205,1,1,1.0,0,0,0,1
1439,0,0,0,1,0,0,89.3,2,4,42,121,1,1,3.1,1,0,0,0
1440,0,0,0,0,1,0,129.5,14,4,19,239,1,0,4.1,0,1,0,0
1441,0,0,0,0,0,0,27.8,1,2,15,72,0,1,7.7,1,0,0,0
1442,0,0,0,0,0,0,29.1,13,1,16,41,1,0,3.3,0,0,0,0
1443,0,0,0,0,1,0,57.1,2,2,72,183,1,1,1.7,0,0,0,0
1444,0,1,0,0,0,0,84.7,7,1,96,43,0,1,0.7,0,0,0,1
1445,0,1,0,0,0,0,30.7,4,1,38,207,1,0,2.0,0,1,0,0
1446,0,0,0,1,0,0,83.5,14,2,23,263,1,1,0.2,0,0,0,0
1447,0,0,0,0,0,1,28.3,3,1,58,206,0,0,3.3,0,1,0,0
1448,0,0,0,0,1,0,77.5,1,3,33,272,0,1,6.1,0,0,1,0
1449,0,0,0,0,0,1,52.5,6,1,54,243,1,1,0.6,0,0,1,0
1450,0,1,0,0,0,0,57.6,3,2,48,251,0,1,0.5,0,0,0,0
1451,0,0,0,0,1,0,114.1,12,2,77,26,0,0,1.5,0,1,0,0
1452,0,0,1,0,0,0,91.0,13,2,73,23,1,0,0.1,0,1,0,0
1453,0,0,0,0,1,0,49.6,8,3,60,153,0,0,0.6,0,0,1,0
1454,0,0,0,1,0,0,77.2,11,2,7,144,1,0,1.5,0,0,0,0
1455,0,0,0,0,0,0,12.9,12,0,11,167,1,0,2.2,0,0,0,1
1456,0,0,1,0,0,0,60.9,12,0,26,199,1,0,1.9,0,0,0,0
1457,0,0,0,1,0,0,81.2,10,3,80,296,1,0,3.3,0,0,1,0
1458,0,0,0,0,1,0,50.7,10,3,41,56,1,0,3.2,0,0,0,0
1459,0,0,1,0,0,0,137.4,3,3,52,195,1,1,0.7,0,1,0,0
1460,1,0,0,0,0,0,10.0,14,1,63,115,1,0,1.0,1,0,0,0
1461,0,0,0,0,1,0,42.3,2,2,68,217,1,0,3.9,0,0,0,1
1462,0,0,0,0,0,0,116.0,10,1,66,95,1,1,2.0,0,0,1,0
1463,0,0,0,0,0,0,36.8,2,1,48,286,0,0,2.2,0,0,0,1
1464,0,0,0,1,0,0,95.3,13,1,19,33,1,0,1.3,0,0,1,0
1465,0,1,0,0,0,0,82.7,4,2,87,211,0,1,1.4,0,0,1,0
1466,0,0,0,0,1,0,48.9,5,1,78,88,0,1,1.2,0,0,0,1
1467,0,1,0,0,0,0,92.6,2,3,56,286,0,0,0.4,0,0,0,1
1468,0,0,0,0,0,1,35.2,2,2,91,251,0,1,13.7,0,0,0,0
1469,0,0,1,0,0,0,10.0,2,3,61,46,1,1,3.1,0,1,0,0
1470,0,1,0,0,0,0,48.1,2,4,56,154,1,1,1.1,0,1,0,0
1471,0,0,0,0,1,0,32.0,13,3,91,198,1,1,2.1,0,0,0,0
1472,0,0,0,0,0,0,97.0,5,0,66,129,1,1,0.8,1,0,0,0
1473,0,1,0,0,0,0,68.6,13,2,31,98,1,0,0.8,0,0,0,0
1474,0,1,0,0,0,0,10.0,7,3,71,44,0,1,4.4,0,0,0,0
1475,0,0,1,0,0,0,91.8,1,2,86,51,0,0,3.2,0,1,0,0
1476,1,0,0,0,0,0,66.0,14,1,48,268,1,0,3.6,1,0,0,0
1477,0,0,1,0,0,0,67.6,3,4,60,125,1,0,5.7,0,0,0,1
1478,0,0,0,0,1,0,48.4,12,3,52,166,0,0,1.5,0,1,0,0
1479,0,0,0,0,1,0,90.4,8,1,31,231,0,0,5.2,1,0,0,0
1480,0,0,0,0,0,1,10.0,14,2,78,114,0,0,3.8,0,0,0,1
1481,0,0,0,0,0,0,15.4,1,1,60,48,0,0,0.8,0,0,0,0
1482,0,0,0,0,0,0,63.0,7,1,10,261,1,1,2.6,0,0,0,0
1483,0,0,1,0,0,0,72.2,2,3,39,141,0,1,3.9,0,1,0,0
1484,0,0,0,0,0,0,77.6,1,2,20,73,1,1,5.3,0,1,0,0
1485,0,0,1,0,0,0,42.2,3,1,17,276,0,1,1.4,1,0,0,0
1486,0,0,0,1,0,0,98.9,9,0,3,248,1,1,1.6,0,0,0,1
1487,0,0,0,1,0,0,73.6,4,5,77,93,1,1,2.7,0,0,0,1
1488,0,0,0,0,1,0,89.7,11,2,47,294,1,0,3.2,0,1,0,0
1489,1,0,0,0,0,0,74.8,5,2,84,38,1,1,9.5,0,0,0,0
1490,0,0,0,1,0,0,85.5,1,2,33,298,1,0,5.5,1,0,0,0
1491,0,0,0,0,1,0,40.2,7,3,66,246,1,0,6.2,0,1,0,0
1492,0,0,0,0,0,0,87.7,2,0,99,12,1,0,0.8,0,0,1,0
1493,0,0,0,1,0,0,77.7,12,2,58,180,1,0,1.5,0,0,1,0
1494,0,0,0,0,0,0,98.0,14,0,71,42,1,1,4.6,0,1,0,0
1495,0,0,0,0,0,0,10.0,3,1,91,84,1,0,0.1,0,1,0,0
1496,0,0,0,0,0,1,42.3,14,3,79,10,1,0,1.2,0,0,0,0
1497,0,0,0,0,1,0,106.9,7,5,35,211,1,1,0.1,0,0,0,0
1498,0,0,1,0,0,0,117.3,14,3,61,282,0,0,1.8,0,0,0,0
1499,0,0,0,0,0,0,117.0,10,3,28,292,1,0,1.6,0,0,1,0
1500,0,0,0,0,1,0,67.5,2,1,23,79,1,0,0.9,0,0,1,0
1501,0,0,0,0,0,1,64.7,2,3,92,235,1,0,0.6,1,0,0,0
1502,0,0,0,0,1,0,85.2,11,0,76,264,0,1,3.6,1,0,0,0
1503,0,0,1,0,0,0,24.9,7,1,4,156,1,0,0.3,1,0,0,0
1504,0,0,0,1,0,0,18.9,11,0,91,90,1,1,4.2,0,0,0,1
1505,0,0,0,1,0,0,68.4,9,3,96,248,1,1,1.0,0,1,0,0
1506,0,0,0,0,0,0,121.6,14,1,86,183,1,0,2.8,0,0,1,0
1507,0,0,0,1,0,0,15.3,12,1,12,116,1,1,2.5,0,0,0,1
1508,0,0,1,0,0,0,62.6,4,4,46,204,0,0,5.0,0,0,0,0
1509,0,0,0,1,0,0,68.6,3,3,54,168,1,0,1.0,0,0,0,0
1510,0,1,0,0,0,0,38.1,12,0,58,237,0,0,7.1,0,0,1,0
1511,0,0,0,0,0,1,34.6,10,4,56,91,1,0,3.7,0,0,1,0
1512,0,0,0,1,0,0,106.5,12,2,99,218,1,1,2.6,0,0,1,0
1513,0,0,0,1,0,0,53.3,10,3,32,84,1,0,2.4,1,0,0,0
1514,0,0,0,0,0,0,88.0,13,1,60,183,1,0,12.6,0,0,1,0
1515,0,0,0,0,0,0,10.0,7,0,44,42,1,1,4.7,0,1,0,0
1516,0,0,0,1,0,0,31.1,10,4,86,28,1,0,0.2,0,0,0,0
1517,0,0,0,0,0,0,48.7,5,0,44,136,1,0,1.0,0,0,1,0
1518,0,0,0,1,0,0,98.7,7,1,88,147,0,1,2.4,0,1,0,0
1519,0,0,0,0,1,0,21.2,3,2,91,139,0,0,0.9,0,0,0,1
1520,0,0,1,0,0,0,39.0,4,5,2,104,1,1,7.1,0,1,0,0
1521,0,0,0,1,0,0,68.7,11,2,4,57,1,1,2.5,0,1,0,0
1522,0,0,0,0,0,0,118.4,3,3,36,66,1,0,5.1,0,1,0,0
1523,0,0,0,0,0,0,49.3,9,5,7,185,1,0,0.9,0,0,1,0
1524,0,0,0,1,0,0,62.5,5,2,77,210,0,1,11.7,0,1,0,0
1525,0,0,0,0,0,0,10.0,13,0,26,0,1,1,3.3,0,1,0,0
1526,0,1,0,0,0,0,23.3,4,1,20,39,1,0,5.0,0,0,0,1
1527,0,0,0,0,0,1,80.8,9,1,64,257,0,1,2.2,1,0,0,0
1528,0,0,1,0,0,0,71.2,7,3,57,42,1,0,2.9,0,0,0,0
1529,1,0,0,0,0,0,10.0,5,1,85,225,0,0,3.4,1,0,0,0
1530,0,0,0,0,1,0,89.5,13,3,81,134,0,0,3.6,0,1,0,0
1531,0,0,0,0,1,0,53.8,9,7,59,94,0,0,0.2,0,1,0,0
1532,0,0,0,0,0,0,66.4,7,1,51,61,1,1,3.7,0,0,0,1
1533,1,0,0,0,0,0,81.6,6,0,98,234,0,1,3.0,0,0,1,0
1534,0,0,0,0,0,1,87.7,12,5,66,232,1,0,0.6,1,0,0,0
1535,0,0,0,0,0,0,60.8,1,2,92,293,0,1,2.0,0,0,1,0
1536,0,0,0,0,1,0,74.9,12,1,33,43,1,0,3.5,0,0,0,1
1537,0,0,0,0,1,0,53.7,3,3,83,292,1,0,0.0,1,0,0,0
1538,0,0,0,0,0,0,53.8,9,2,12,208,1,1,0.4,1,0,0,0
1539,0,0,0,1,0,0,59.6,13,1,99,212,0,0,1.8,0,0,0,0
1540,0,0,0,0,1,0,57.4,10,2,67,45,1,0,3.9,0,0,0,0
1541,0,1,0,0,0,0,61.0,7,0,55,97,0,0,11.2,0,1,0,0
1542,0,0,0,0,0,0,85.0,10,2,9,121,1,0,1.1,0,0,0,1
1543,1,0,0,0,0,0,34.3,1,0,24,37,0,0,2.8,0,1,0,0
1544,0,0,0,1,0,0,60.0,10,3,96,273,1,1,3.6,0,0,0,0
1545,0,0,0,0,1,0,83.2,9,4,64,26,0,1,1.0,1,0,0,0
1546,0,0,0,0,0,1,90.0,9,1,21,164,0,1,3.2,0,0,1,0
1547,0,0,1,0,0,0,64.8,14,4,47,85,0,0,4.2,0,1,0,0
1548,0,0,0,0,1,0,75.4,3,3,53,277,1,0,6.2,0,0,0,1
1549,0,0,0,0,0,0,83.8,2,1,63,45,1,0,17.8,0,0,1,0
1550,0,0,0,0,0,0,75.3,10,1,62,21,0,1,0.5,0,0,0,1
1551,0,0,1,0,0,0,27.5,9,3,69,20,1,1,3.2,0,0,0,0
1552,1,0,0,0,0,0,40.6,6,4,33,198,0,1,1.1,0,0,0,1
1553,0,0,0,0,0,1,13.7,13,3,12,126,1,0,5.5,0,0,1,0
1554,0,0,0,0,0,1,63.4,9,0,20,260,1,1,0.8,0,1,0,0
1555,0,0,0,0,0,1,53.2,6,3,62,76,1,1,0.5,0,0,1,0
1556,0,0,1,0,0,0,30.5,2,1,62,275,0,0,0.3,0,0,0,1
1557,1,0,0,0,0,0,104.4,11,0,26,169,1,0,4.0,0,0,0,0
1558,0,0,0,0,0,0,39.0,8,2,14,150,1,0,0.8,0,0,1,0
1559,0,0,0,0,0,1,37.5,6,0,0,21,1,0,1.3,1,0,0,0
1560,0,0,0,0,0,0,109.4,7,1,58,157,0,0,1.1,0,1,0,0
1561,0,1,0,0,0,0,67.2,9,1,19,267,1,0,2.0,0,0,1,0
1562,0,0,0,0,0,1,68.4,1,1,82,8,0,1,0.9,0,0,1,0
1563,0,0,1,0,0,0,75.7,14,1,99,195,1,0,3.1,0,0,0,1
1564,0,0,0,0,1,0,13.3,4,0,90,285,1,1,4.0,0,0,0,0
1565,0,0,0,0,1,0,31.2,12,3,76,130,1,0,2.4,0,0,0,0
1566,0,0,0,0,0,0,29.8,6,3,49,106,0,1,1.5,0,0,0,0
1567,0,0,0,0,0,1,10.0,12,3,40,97,0,1,10.7,0,0,0,0
1568,0,0,0,0,0,1,73.7,2,4,9,157,1,0,5.8,0,0,1,0
1569,0,0,0,0,0,0,82.2,11,3,56,269,1,1,15.6,0,0,0,0
1570,0,0,0,0,0,0,59.4,6,1,82,294,1,1,0.1,0,0,0,1
1571,1,0,0,0,0,0,24.5,13,2,38,58,0,1,0.1,0,0,0,1
1572,1,0,0,0,0,0,72.2,3,1,38,243,1,1,1.5,1,0,0,0
1573,0,0,1,0,0,0,16.5,4,1,63,252,0,1,3.9,0,0,1,0
1574,0,0,0,1,0,0,39.3,3,0,13,8,1,1,3.6,0,0,0,0
1575,0,0,0,0,1,0,41.8,9,5,82,150,1,1,0.2,1,0,0,0
1576,0,0,0,0,1,0,133.8,2,1,44,296,0,1,6.0,0,1,0,0
1577,0,0,1,0,0,0,47.1,4,0,59,53,1,0,3.6,1,0,0,0
1578,0,0,0,1,0,0,26.0,7,3,69,179,1,1,2.4,0,0,0,1
1579,1,0,0,0,0,0,26.5,7,3,46,298,1,1,0.1,0,0,1,0
1580,0,0,0,0,1,0,53.4,4,4,7,291,0,1,4.8,0,0,1,0
1581,0,0,1,0,0,0,128.7,8,2,29,149,1,1,5.2,0,1,0,0
1582,0,0,0,0,1,0,18.9,12,1,66,68,1,0,0.9,0,0,1,0
1583,0,0,0,0,1,0,108.4,8,1,6,192,1,1,5.9,0,0,0,1
1584,1,0,0,0,0,0,23.1,1,0,39,201,0,1,2.8,0,1,0,0
1585,0,0,0,0,0,1,58.3,6,0,8,12,1,0,2.9,0,0,0,1
1586,0,0,0,0,1,0,92.2,10,4,34,87,1,0,1.0,0,0,1,0
1587,0,0,0,0,0,0,71.1,10,3,45,244,0,1,7.8,0,1,0,0
1588,1,0,0,0,0,0,63.7,10,2,36,62,0,1,3.9,0,1,0,0
1589,0,0,0,0,0,0,36.0,12,1,3,230,1,0,2.6,0,0,1,0
1590,1,0,0,0,0,0,82.3,11,1,27,238,0,1,1.2,0,0,0,1
1591,0,1,0,0,0,0,56.3,2,0,58,249,1,1,1.1,0,1,0,0
1592,0,0,0,0,0,0,10.0,10,0,72,124,0,0,1.3,0,0,0,0
1593,0,0,0,0,0,1,52.8,12,3,26,133,1,1,6.0,0,0,0,1
1594,0,0,1,0,0,0,27.0,8,1,42,221,1,1,4.3,0,0,0,0
1595,0,0,0,0,0,0,35.3,2,4,85,148,1,0,9.6,0,0,1,0
1596,0,0,0,0,0,1,113.0,12,1,50,175,1,1,2.1,0,0,0,0
1597,0,0,1,0,0,0,54.6,8,3,72,273,0,1,7.5,0,0,0,0
1598,0,1,0,0,0,0,38.2,2,2,84,192,1,1,0.4,0,0,1,0
1599,0,0,0,1,0,0,132.0,9,0,67,39,1,1,0.1,1,0,0,0
1600,1,0,0,0,0,0,37.5,2,2,64,285,1,1,4.1,0,0,1,0
1601,0,0,0,0,0,1,15.5,13,1,18,285,1,1,0.4,0,0,0,1
1602,0,0,0,0,0,1,119.7,10,2,59,251,1,0,3.3,0,0,0,0
1603,0,1,0,0,0,0,65.6,2,2,71,33,0,0,0.8,0,0,0,0
1604,0,0,0,1,0,0,101.3,3,1,15,297,1,1,1.0,0,0,0,0
1605,0,0,0,0,0,1,10.0,2,4,71,31,0,0,2.4,1,0,0,0
1606,0,0,1,0,0,0,28.1,8,1,86,37,1,0,1.2,0,1,0,0
1607,0,0,1,0,0,0,98.0,1,3,40,195,0,0,1.1,1,0,0,0
1608,0,0,0,0,0,0,66.0,6,0,39,74,1,1,0.0,0,1,0,0
1609,0,0,0,0,0,0,38.5,13,1,36,215,0,0,0.4,0,0,0,1
1610,0,0,0,0,0,0,22.7,3,2,71,82,1,1,6.7,1,0,0,0
1611,0,1,0,0,0,0,83.0,5,1,76,200,0,0,0.0,1,0,0,0
1612,0,0,0,0,1,0,54.7,14,2,8,22,1,1,2.9,1,0,0,0
1613,0,0,0,0,1,0,31.3,4,1,17,67,1,1,2.7,1,0,0,0
1614,0,0,1,0,0,0,52.0,5,0,17,207,1,1,1.3,1,0,0,0
1615,0,1,0,0,0,0,37.5,4,3,14,268,1,0,1.7,0,0,1,0
1616,1,0,0,0,0,0,33.8,12,3,71,260,1,1,2.3,0,0,0,1
1617,0,0,1,0,0,0,16.3,13,2,69,249,1,1,1.3,1,0,0,0
1618,0,0,0,1,0,0,87.0,12,1,99,265,1,0,0.0,1,0,0,0
1619,0,0,0,0,1,0,56.0,7,1,92,174,1,1,1.8,0,0,0,1
1620,0,0,0,0,1,0,90.8,9,3,35,177,1,0,4.1,0,0,0,1
1621,0,1,0,0,0,0,111.9,3,1,3,168,0,0,0.7,0,1,0,0
1622,0,0,0,0,1,0,61.6,10,3,37,225,1,0,4.8,0,1,0,0
1623,0,0,0,0,1,0,119.8,1,2,7,20,0,1,1.0,0,0,0,1
1624,0,0,1,0,0,0,89.9,6,4,57,138,1,0,5.9,0,0,0,0
1625,0,0,1,0,0,0,48.3,10,1,35,220,1,1,3.2,0,0,0,0
1626,1,0,0,0,0,0,95.0,6,0,36,160,0,1,2.2,0,1,0,0
1627,0,1,0,0,0,0,29.8,8,4,43,36,1,0,0.2,1,0,0,0
1628,0,1,0,0,0,0,63.1,13,2,93,72,1,0,1.7,1,0,0,0
1629,0,0,0,0,0,1,87.8,8,1,2,83,0,0,0.1,0,1,0,0
1630,0,0,0,0,1,0,70.7,11,1,41,85,1,0,0.1,0,0,0,1
1631,0,0,0,0,0,0,78.1,13,0,51,5,1,0,7.0,0,0,0,0
1632,0,0,0,0,0,0,96.6,9,2,56,184,1,0,2.4,0,0,1,0
1633,0,0,0,0,1,0,126.4,4,2,83,55,1,1,1.9,0,0,0,1
1634,0,0,0,0,0,1,52.7,12,3,62,33,1,0,2.1,0,0,1,0
1635,0,0,1,0,0,0,80.7,2,3,84,140,0,0,1.0,0,1,0,0
1636,0,0,1,0,0,0,18.4,9,0,2,54,1,0,0.8,0,0,0,1
1637,1,0,0,0,0,0,58.3,11,4,52,279,1,0,0.3,0,0,1,0
1638,0,0,0,0,1,0,51.8,1,3,21,104,1,0,0.7,0,0,1,0
1639,0,0,0,0,0,1,85.0,14,2,8,75,1,0,2.0,0,1,0,0
1640,0,0,0,0,0,0,58.5,2,1,13,17,1,0,1.0,0,0,0,0
1641,0,0,1,0,0,0,69.6,3,2,46,53,1,1,2.0,0,0,0,1
1642,0,0,0,0,0,1,77.0,2,3,56,45,1,0,15.2,0,1,0,0
1643,0,0,0,0,1,0,23.6,12,5,8,278,1,0,0.4,0,1,0,0
1644,0,0,0,1,0,0,107.7,5,3,80,57,1,0,0.6,0,0,0,1
1645,0,0,0,0,0,1,48.6,9,1,85,122,1,1,0.6,0,1,0,0
1646,0,1,0,0,0,0,80.3,10,2,56,229,0,1,13.2,0,0,0,1
1647,0,0,0,0,0,1,13.0,8,4,73,91,1,1,8.8,0,0,1,0
1648,0,0,0,0,1,0,66.0,13,4,8,253,1,0,3.0,0,0,0,0
1649,0,0,1,0,0,0,120.4,13,3,11,287,1,0,1.3,0,0,0,1
1650,1,0,0,0,0,0,84.5,13,1,49,206,0,1,0.8,0,0,0,0
1651,0,1,0,0,0,0,74.7,9,2,56,236,1,1,8.0,0,1,0,0
1652,0,1,0,0,0,0,92.4,3,2,13,242,1,0,2.2,0,0,0,0
1653,1,0,0,0,0,0,76.6,14,1,19,113,1,0,1.0,0,1,0,0
1654,0,1,0,0,0,0,78.7,9,0,45,262,1,0,2.8,0,1,0,0
1655,0,0,0,0,0,0,55.3,4,1,9,286,1,0,5.0,0,0,1,0
1656,1,0,0,0,0,0,62.8,11,2,86,154,1,0,1.2,0,1,0,0
1657,0,0,1,0,0,0,25.8,9,0,38,3,1,1,0.7,0,1,0,0
1658,0,0,0,1,0,0,103.4,9,1,8,105,0,1,3.0,0,0,1,0
1659,0,1,0,0,0,0,98.1,6,2,11,140,0,1,5.5,0,0,0,1
1660,0,0,0,1,0,0,33.3,2,3,96,125,0,1,1.1,0,0,0,0
1661,0,0,0,0,1,0,110.2,9,1,96,35,0,1,0.4,0,0,0,1
1662,0,0,0,1,0,0,59.0,4,5,62,226,0,1,1.4,0,1,0,0
1663,0,0,0,1,0,0,30.9,7,2,48,94,1,0,2.6,0,0,0,0
1664,0,0,0,1,0,0,74.2,6,2,16,143,0,0,0.5,0,1,0,0
1665,0,1,0,0,0,0,42.3,11,2,53,283,1,1,2.4,0,1,0,0
1666,0,0,0,0,0,1,38.1,10,3,5,132,1,0,1.4,0,0,0,0
1667,0,0,1,0,0,0,42.3,13,2,54,218,1,1,4.2,0,0,0,1
1668,0,0,1,0,0,0,82.0,13,1,73,187,1,1,2.2,0,0,0,1
1669,1,0,0,0,0,0,71.0,13,1,30,222,1,1,1.0,1,0,0,0
1670,0,0,0,0,0,0,58.1,8,3,14,88,1,1,5.2,0,0,1,0
1671,0,0,0,0,0,0,17.6,2,2,5,217,1,0,0.4,0,0,0,0
1672,0,0,0,1,0,0,69.5,5,3,65,46,1,0,1.6,1,0,0,0
1673,0,0,0,1,0,0,79.2,1,1,86,62,1,1,4.2,0,0,1,0
1674,0,1,0,0,0,0,91.0,2,1,40,120,1,1,3.0,1,0,0,0
1675,1,0,0,0,0,0,158.3,12,4,35,245,1,0,2.6,0,0,1,0
1676,0,0,0,0,1,0,94.9,13,0,64,244,0,1,18.6,0,1,0,0
1677,0,0,1,0,0,0,50.6,11,2,99,267,0,0,0.5,0,1,0,0
1678,0,1,0,0,0,0,71.7,4,0,88,80,1,1,2.4,0,1,0,0
1679,0,1,0,0,0,0,56.0,8,0,31,291,1,1,0.1,0,1,0,0
1680,0,0,0,1,0,0,101.8,6,1,75,160,0,0,3.6,0,0,0,1
1681,0,1,0,0,0,0,69.7,11,3,23,234,0,0,2.4,0,0,0,0
1682,0,0,0,0,0,0,38.8,11,3,19,150,1,1,3.9,0,0,0,0
1683,0,0,0,0,0,1,95.3,6,2,12,150,0,1,1.9,0,0,0,0
1684,0,0,0,0,1,0,100.1,3,3,34,31,1,1,2.5,0,0,1,0
1685,0,0,0,0,1,0,60.7,5,3,46,255,1,0,0.5,0,0,0,0
1686,0,0,1,0,0,0,62.6,1,1,74,252,1,0,3.9,0,0,0,1
1687,0,0,0,0,1,0,80.5,4,2,5,176,1,0,9.5,0,0,0,0
1688,0,1,0,0,0,0,20.0,12,4,82,280,1,1,3.5,0,0,1,0
1689,0,0,0,0,0,0,69.9,5,2,50,218,0,1,4.5,0,0,1,0
1690,0,0,1,0,0,0,98.1,7,1,56,230,0,1,3.5,0,0,0,0
1691,0,0,0,0,0,1,54.4,13,0,63,271,1,1,1.1,0,0,0,1
1692,0,0,0,0,0,0,75.7,9,1,15,189,1,1,0.8,0,1,0,0
1693,0,0,0,1,0,0,61.6,12,1,95,76,0,1,12.5,0,0,0,0
1694,0,1,0,0,0,0,145.6,1,3,87,99,1,0,3.1,0,0,0,0
1695,0,0,0,1,0,0,35.8,2,0,40,199,1,1,4.1,1,0,0,0
1696,0,0,0,0,0,1,72.8,4,3,11,216,1,0,4.6,0,0,0,0
1697,0,0,1,0,0,0,30.4,8,3,11,203,0,1,0.3,1,0,0,0
1698,0,0,0,0,1,0,47.4,8,1,13,91,1,1,5.2,0,0,0,0
1699,0,0,0,1,0,0,68.8,9,2,8,68,1,1,2.1,0,0,1,0
1700,1,0,0,0,0,0,62.9,10,2,33,127,0,1,1.3,0,0,0,1
1701,0,0,0,0,0,1,37.4,12,1,50,48,1,0,2.4,0,0,1,0
1702,0,0,0,0,0,0,87.7,12,4,97,246,1,0,5.4,0,1,0,0
1703,0,0,0,0,0,0,126.4,13,1,66,57,1,1,2.3,0,1,0,0
1704,1,0,0,0,0,0,60.0,10,0,99,163,1,1,1.2,0,0,1,0
1705,0,0,0,0,0,1,41.4,2,4,27,103,0,0,1.7,0,0,0,0
1706,1,0,0,0,0,0,103.7,11,2,4,17,1,0,2.4,0,0,0,1
1707,0,0,0,1,0,0,54.1,9,3,57,91,1,1,0.8,0,0,0,1
1708,0,0,0,0,0,1,74.7,5,1,76,106,1,0,3.9,0,1,0,0
1709,0,1,0,0,0,0,93.3,14,4,38,47,1,1,4.1,1,0,0,0
1710,0,0,0,0,0,1,65.4,4,0,91,83,1,1,3.4,0,0,1,0
1711,0,0,0,0,1,0,50.4,7,3,27,246,0,0,0.6,0,0,0,0
1712,0,0,1,0,0,0,54.8,9,2,98,239,1,0,7.5,0,0,1,0
1713,0,0,0,0,0,1,53.7,2,0,62,89,1,0,0.7,1,0,0,0
1714,0,1,0,0,0,0,10.8,5,2,89,7,1,0,2.3,0,0,1,0
1715,0,0,0,0,0,0,107.2,11,1,39,200,1,0,7.3,0,0,0,1
1716,0,0,1,0,0,0,22.3,4,2,35,198,0,0,2.3,0,0,1,0
1717,0,1,0,0,0,0,70.9,3,5,93,260,1,0,1.4,0,0,0,1
1718,0,0,0,0,1,0,105.8,12,4,87,31,1,1,2.1,0,1,0,0
1719,0,0,0,0,0,1,47.9,3,7,41,262,1,1,8.2,0,0,0,1
1720,0,0,0,1,0,0,21.2,4,1,79,134,1,1,0.0,0,0,0,0
1721,0,0,0,0,0,1,37.6,3,3,95,154,0,0,0.8,0,0,0,0
1722,0,0,1,0,0,0,66.7,6,2,45,163,1,0,0.9,0,0,0,0
1723,0,0,1,0,0,0,82.7,2,3,90,172,1,1,0.6,0,0,1,0
1724,0,1,0,0,0,0,98.8,13,2,71,179,1,0,0.5,0,0,1,0
1725,1,0,0,0,0,0,90.8,5,3,95,106,0,1,5.9,0,0,0,0
1726,0,0,0,1,0,0,61.6,14,4,87,168,0,1,7.1,1,0,0,0
1727,0,0,1,0,0,0,71.6,3,2,57,92,0,1,2.3,1,0,0,0
1728,0,0,0,0,0,0,61.5,7,2,8,73,1,1,0.0,0,1,0,0
1729,0,0,1,0,0,0,64.4,2,2,14,31,1,1,0.6,1,0,0,0
1730,0,0,0,0,0,0,32.8,3,2,98,88,1,0,2.4,0,0,0,0
1731,0,0,1,0,0,0,86.1,5,0,3,182,1,0,5.9,0,0,0,1
1732,0,1,0,0,0,0,45.9,4,0,37,42,1,0,0.1,0,0,1,0
1733,0,0,0,1,0,0,41.6,12,5,22,93,0,0,1.2,0,0,0,0
1734,0,0,0,0,1,0,105.4,1,1,81,146,1,1,7.4,0,0,0,0
1735,1,0,0,0,0,0,78.6,14,1,18,168,0,1,1.1,0,0,0,0
1736,0,0,0,0,1,0,10.0,5,3,48,45,0,1,6.6,0,0,1,0
1737,0,0,1,0,0,0,73.2,2,4,48,9,0,0,1.9,0,0,1,0
1738,0,1,0,0,0,0,40.3,14,0,26,296,1,1,3.4,0,0,1,0
1739,0,1,0,0,0,0,92.7,2,1,51,197,1,1,4.1,0,1,0,0
1740,0,0,0,0,0,1,15.5,1,2,47,204,1,0,1.5,1,0,0,0
1741,0,0,0,0,1,0,98.0,14,2,22,78,1,0,5.2,0,0,0,0
1742,0,0,0,1,0,0,93.4,12,0,28,247,1,0,0.6,0,0,0,1
1743,0,0,0,1,0,0,47.2,6,1,82,155,1,0,5.8,0,1,0,0
1744,0,1,0,0,0,0,10.0,13,3,10,3,1,0,4.0,0,0,0,0
1745,0,0,0,0,1,0,60.0,5,4,60,113,1,1,6.8,1,0,0,0
1746,0,1,0,0,0,0,65.1,6,0,89,168,1,0,4.4,1,0,0,0
1747,0,0,0,0,0,1,83.0,5,2,86,192,1,0,0.6,1,0,0,0
1748,0,0,1,0,0,0,59.0,12,3,21,11,0,0,0.4,0,0,0,1
1749,0,0,0,0,0,1,10.0,1,2,38,281,0,1,0.7,0,0,1,0
1750,0,0,0,1,0,0,81.2,14,2,92,209,0,0,0.5,0,0,0,0
1751,0,0,1,0,0,0,63.0,2,1,27,0,1,1,1.6,1,0,0,0
1752,0,0,0,1,0,0,45.3,11,2,48,286,1,0,1.9,0,0,0,0
1753,0,0,0,0,0,1,42.7,10,2,29,21,0,0,2.8,0,0,0,1
1754,0,0,0,1,0,0,43.5,6,2,36,220,1,1,3.6,0,0,0,0
1755,0,0,0,0,0,1,57.6,1,4,16,73,0,1,7.6,0,1,0,0
1756,0,0,1,0,0,0,58.3,2,4,7,137,1,0,5.6,1,0,0,0
1757,0,0,0,0,0,0,86.7,9,1,3,138,1,0,1.0,0,1,0,0
1758,0,1,0,0,0,0,71.1,1,4,11,225,1,1,0.8,0,1,0,0
1759,1,0,0,0,0,0,92.7,8,5,21,162,1,0,12.9,0,0,1,0
1760,0,0,0,0,0,0,108.5,12,2,48,47,1,1,0.4,1,0,0,0
1761,1,0,0,0,0,0,44.5,2,2,7,50,1,1,0.0,0,1,0,0
1762,1,0,0,0,0,0,86.3,4,2,51,178,1,0,1.1,0,0,0,0
1763,0,0,1,0,0,0,105.5,14,2,4,248,0,1,0.5,0,1,0,0
1764,0,0,0,0,0,0,74.5,3,3,56,290,1,0,2.2,1,0,0,0
1765,0,0,0,0,0,0,12.1,5,0,4,220,0,0,3.9,1,0,0,0
1766,0,0,0,0,0,1,45.9,8,2,5,285,1,0,1.4,0,0,0,1
1767,0,0,1,0,0,0,66.8,13,1,78,79,1,1,1.4,0,0,0,1
1768,0,0,0,1,0,0,63.9,4,0,25,289,1,0,0.7,0,0,1,0
1769,0,1,0,0,0,0,48.7,3,2,5,29,1,1,1.1,0,0,1,0
1770,0,0,0,0,0,0,10.3,11,1,60,54,1,0,4.0,0,0,0,0
1771,0,1,0,0,0,0,63.4,1,4,61,140,1,1,0.8,1,0,0,0
1772,0,0,0,1,0,0,58.1,2,2,12,79,1,1,1.0,0,0,1,0
1773,1,0,0,0,0,0,10.0,7,2,32,291,1,0,0.7,0,0,1,0
1774,1,0,0,0,0,0,36.5,5,1,24,76,0,1,1.2,0,0,0,0
1775,0,0,0,0,0,1,92.5,6,1,91,290,1,0,1.9,0,0,1,0
1776,0,0,0,1,0,0,75.5,6,1,87,123,1,0,5.1,0,1,0,0
1777,0,0,0,0,0,0,48.6,2,1,49,179,0,1,0.1,0,0,1,0
1778,1,0,0,0,0,0,10.0,11,1,55,71,0,0,1.0,0,1,0,0
1779,0,0,0,0,0,1,26.3,13,3,67,134,1,0,0.4,0,1,0,0
1780,0,0,1,0,0,0,107.4,10,1,83,121,0,1,0.3,0,0,0,1
1781,0,0,1,0,0,0,45.3,13,4,71,286,1,0,0.8,0,1,0,0
1782,0,0,1,0,0,0,23.0,7,1,21,215,1,1,1.6,0,1,0,0
1783,0,0,0,0,1,0,32.0,13,2,62,150,1,1,2.2,0,0,0,0
1784,0,1,0,0,0,0,73.4,5,4,78,40,1,0,1.8,0,0,0,0
1785,0,0,0,0,0,1,90.6,10,2,27,180,1,0,1.5,0,1,0,0
1786,0,0,0,0,1,0,33.8,10,3,73,159,1,1,5.9,1,0,0,0
1787,0,0,1,0,0,0,39.9,5,3,65,139,0,0,2.2,0,1,0,0
1788,0,0,0,1,0,0,50.7,9,4,30,23,1,1,8.1,0,1,0,0
1789,0,0,1,0,0,0,36.4,4,0,56,218,0,0,2.4,0,1,0,0
1790,0,0,0,0,0,0,76.4,14,3,27,284,1,0,0.2,0,0,0,0
1791,0,0,0,0,0,0,10.0,11,1,31,138,1,0,0.2,0,0,0,0
1792,0,0,0,0,1,0,85.9,3,4,94,6,1,0,9.3,0,0,0,1
1793,0,0,0,1,0,0,38.5,7,2,79,291,0,1,2.9,1,0,0,0
1794,0,0,1,0,0,0,41.8,10,1,32,250,1,1,1.4,0,1,0,0
1795,0,1,0,0,0,0,82.5,8,1,28,200,1,1,1.4,0,1,0,0
1796,0,0,1,0,0,0,65.6,4,5,14,133,0,1,4.8,0,1,0,0
1797,0,0,0,0,1,0,58.2,8,1,2,9,0,0,2.5,0,1,0,0
1798,0,0,0,0,0,0,28.0,12,5,70,23,1,0,1.6,0,1,0,0
1799,0,0,0,0,0,0,29.9,9,3,88,73,0,1,3.0,0,1,0,0
1800,0,1,0,0,0,0,85.4,4,2,34,170,1,1,3.7,0,0,0,0
1801,0,0,1,0,0,0,149.3,3,1,23,54,1,0,2.3,0,0,0,0
1802,0,0,0,0,1,0,34.6,12,1,72,147,1,1,0.4,0,1,0,0
1803,0,0,0,0,1,0,45.7,2,1,88,191,0,0,3.3,0,1,0,0
1804,0,0,0,1,0,0,67.7,4,2,15,71,1,1,0.3,0,0,0,0
1805,0,0,0,0,0,0,66.6,4,3,27,57,1,1,1.0,0,0,0,1
1806,1,0,0,0,0,0,68.2,1,0,63,72,1,0,2.1,0,0,0,1
1807,0,0,1,0,0,0,102.4,5,1,11,131,0,0,0.4,0,0,0,1
1808,0,0,1,0,0,0,50.8,4,1,7,234,0,0,0.3,1,0,0,0
1809,0,0,0,0,1,0,69.6,10,2,53,231,1,0,0.2,1,0,0,0
1810,1,0,0,0,0,0,51.1,2,4,93,220,1,0,8.3,1,0,0,0
1811,0,0,0,0,0,1,104.7,6,1,48,56,1,1,1.9,0,0,0,0
1812,0,0,0,0,0,1,88.2,3,1,88,59,1,1,0.5,0,0,0,0
1813,1,0,0,0,0,0,13.7,7,0,33,201,1,1,2.8,0,1,0,0
1814,0,0,0,0,1,0,54.3,13,0,14,150,1,0,1.4,0,0,0,1
1815,0,0,0,0,0,1,70.3,14,3,42,279,0,1,2.8,0,0,0,1
1816,0,0,0,0,0,0,97.9,4,1,83,222,1,1,2.4,1,0,0,0
1817,0,0,0,0,0,0,99.2,14,1,99,133,0,1,0.7,0,0,0,1
1818,1,0,0,0,0,0,42.8,8,0,33,261,0,0,5.2,0,1,0,0
1819,0,0,1,0,0,0,103.5,13,4,24,151,1,1,5.6,0,0,0,1
1820,0,0,1,0,0,0,101.7,12,1,93,139,0,1,1.0,0,0,1,0
1821,0,1,0,0,0,0,87.5,3,2,1,281,1,0,8.8,0,0,0,1
1822,0,0,0,1,0,0,71.9,9,1,72,86,1,0,2.8,0,0,0,1
1823,0,0,0,0,0,1,52.8,1,3,58,21,1,0,9.0,0,0,0,1
1824,0,0,0,0,0,0,126.0,9,2,18,83,1,1,7.7,0,0,0,0
1825,1,0,0,0,0,0,20.9,13,1,88,23,0,1,0.2,0,0,0,0
1826,0,0,0,0,1,0,27.0,1,3,35,229,1,0,4.5,0,0,1,0
1827,0,0,0,0,0,0,79.5,5,5,16,168,0,1,8.5,1,0,0,0
1828,0,0,0,1,0,0,67.1,6,1,21,145,0,1,1.1,1,0,0,0
1829,0,0,1,0,0,0,37.2,6,2,16,21,1,0,0.3,0,0,1,0
1830,1,0,0,0,0,0,48.7,2,3,59,144,1,0,0.2,0,0,1,0
1831,0,0,0,0,0,0,10.0,8,1,57,60,1,0,4.4,1,0,0,0
1832,0,1,0,0,0,0,40.7,5,4,53,274,0,1,0.6,0,0,0,0
1833,1,0,0,0,0,0,50.0,8,1,12,20,1,0,5.2,0,0,0,1
1834,1,0,0,0,0,0,36.1,11,3,0,85,0,1,0.0,0,0,0,0
1835,0,0,0,0,0,1,76.7,2,2,93,72,1,1,4.0,0,1,0,0
1836,0,0,0,0,1,0,49.4,14,1,55,16,1,0,3.3,0,0,0,0
1837,0,1,0,0,0,0,10.0,5,2,2,75,0,1,0.0,0,0,0,1
1838,0,1,0,0,0,0,48.0,8,0,17,37,1,1,5.6,1,0,0,0
1839,0,1,0,0,0,0,20.9,13,0,56,126,0,0,0.5,0,0,1,0
1840,0,1,0,0,0,0,41.4,9,1,6,218,0,1,3.1,0,0,1,0
1841,0,0,0,0,0,0,59.2,2,1,47,225,1,1,1.4,1,0,0,0
1842,0,0,0,1,0,0,133.8,8,3,30,158,1,1,0.2,0,0,0,1
1843,1,0,0,0,0,0,34.1,14,4,46,90,1,1,0.5,0,1,0,0
1844,0,0,0,0,1,0,53.4,5,1,80,63,0,0,0.2,1,0,0,0
1845,0,0,0,1,0,0,10.0,13,2,18,207,0,1,3.8,0,0,1,0
1846,0,0,0,0,0,1,10.0,3,2,7,29,1,1,4.5,0,1,0,0
1847,0,1,0,0,0,0,82.8,13,3,65,230,0,1,3.8,0,0,0,1
1848,0,1,0,0,0,0,49.5,3,1,66,10,1,1,5.8,0,0,1,0
1849,0,1,0,0,0,0,53.7,14,2,83,256,1,1,0.8,0,1,0,0
1850,0,1,0,0,0,0,88.2,11,2,78,68,1,1,2.8,0,0,0,0
1851,0,0,0,0,1,0,48.6,5,1,67,177,0,0,3.2,0,0,0,0
1852,0,0,0,0,1,0,57.8,8,0,35,61,1,1,2.2,0,0,1,0
1853,0,0,0,0,0,0,72.3,11,2,83,160,1,1,1.3,0,1,0,0
1854,0,0,0,0,1,0,54.9,4,2,79,277,1,1,0.8,0,1,0,0
1855,0,0,1,0,0,0,52.4,8,2,15,27,1,0,9.6,0,1,0,0
1856,0,0,0,0,0,0,63.5,2,4,69,99,0,1,1.8,1,0,0,0
1857,0,1,0,0,0,0,35.9,7,0,75,93,1,1,1.7,0,1,0,0
1858,0,0,0,0,0,0,57.8,2,1,27,96,0,0,0.3,1,0,0,0
1859,0,0,0,0,0,1,66.9,1,1,0,289,1,1,0.2,0,0,1,0
1860,1,0,0,0,0,0,96.3,8,1,30,268,1,1,0.0,0,0,0,0
1861,0,0,0,0,1,0,51.5,9,5,46,13,1,1,4.6,0,0,1,0
1862,0,0,0,1,0,0,74.6,10,1,70,219,0,0,0.2,0,0,0,1
1863,0,1,0,0,0,0,106.5,14,1,75,65,0,1,0.4,0,1,0,0
1864,1,0,0,0,0,0,61.6,3,3,86,270,0,0,2.5,0,0,0,0
1865,0,0,0,1,0,0,101.5,13,5,22,196,1,1,2.1,0,1,0,0
1866,0,0,0,0,0,0,25.7,4,1,91,6,1,0,1.8,0,0,1,0
1867,0,0,0,0,1,0,49.9,3,2,66,77,1,1,1.9,0,1,0,0
1868,0,0,0,1,0,0,59.0,2,1,8,180,1,1,3.9,0,0,0,1
1869,0,0,0,0,1,0,78.5,4,3,93,195,1,1,1.3,0,1,0,0
1870,0,0,0,0,0,1,89.5,6,3,80,272,0,1,1.7,0,0,0,1
1871,0,0,0,0,0,0,53.1,6,2,37,299,1,1,0.9,1,0,0,0
1872,0,0,0,1,0,0,84.4,9,2,28,87,1,0,0.5,1,0,0,0
1873,0,1,0,0,0,0,52.6,8,1,87,166,1,1,1.0,0,0,0,0
1874,0,1,0,0,0,0,128.2,7,3,31,151,1,0,3.4,0,1,0,0
1875,0,0,0,0,0,1,42.5,3,1,48,114,0,0,2.1,0,1,0,0
1876,0,0,0,0,0,0,10.0,2,1,69,223,0,0,7.9,0,0,1,0
1877,0,0,0,1,0,0,43.0,5,4,46,68,1,1,0.4,0,0,0,0
1878,0,0,0,0,0,1,96.1,9,2,22,192,0,0,1.8,0,1,0,0
1879,0,0,0,0,0,1,20.2,11,2,6,157,0,0,14.9,0,0,1,0
1880,0,0,0,0,0,0,82.9,9,3,13,267,1,0,7.4,1,0,0,0
1881,0,1,0,0,0,0,36.4,11,4,38,213,1,1,3.1,0,0,0,0
1882,0,0,1,0,0,0,50.4,1,2,8,60,1,0,1.5,0,1,0,0
1883,0,1,0,0,0,0,58.4,13,0,63,89,0,1,0.6,0,1,0,0
1884,0,0,1,0,0,0,61.8,11,3,83,178,0,1,12.1,0,0,0,1
1885,0,0,0,0,1,0,52.3,12,1,50,179,0,1,6.2,0,1,0,0
1886,0,0,1,0,0,0,10.0,10,3,96,115,1,1,2.8,0,1,0,0
1887,0,0,0,0,0,1,53.5,12,1,22,8,1,0,10.9,1,0,0,0
1888,0,0,0,0,0,0,61.4,3,3,29,59,0,1,1.0,1,0,0,0
1889,0,0,0,0,1,0,57.0,9,1,66,164,0,0,1.6,0,1,0,0
1890,0,0,1,0,0,0,30.9,11,0,56,121,1,0,0.5,1,0,0,0
1891,1,0,0,0,0,0,49.0,4,1,63,173,0,1,3.3,0,0,0,0
1892,0,0,1,0,0,0,25.6,1,1,28,130,1,0,0.2,1,0,0,0
1893,0,0,0,0,0,1,63.2,1,4,74,128,1,0,3.9,0,1,0,0
1894,0,1,0,0,0,0,38.5,7,1,52,248,1,0,3.7,0,1,0,0
1895,0,0,0,0,1,0,67.2,13,6,22,136,1,0,3.7,0,1,0,0
1896,0,0,0,0,0,0,24.8,7,2,40,161,1,0,3.1,0,0,1,0
1897,0,1,0,0,0,0,70.7,6,3,69,253,1,0,0.1,0,0,0,0
1898,0,0,0,0,0,1,37.9,7,2,13,82,1,1,0.2,0,0,0,0
1899,0,0,0,1,0,0,47.4,6,1,12,184,1,0,1.2,0,1,0,0
1900,0,1,0,0,0,0,46.8,10,3,42,105,0,1,3.3,0,0,0,0
1901,1,0,0,0,0,0,75.1,2,4,1,143,1,0,5.2,0,0,0,0
1902,0,0,0,1,0,0,10.0,5,1,74,203,1,0,0.8,0,0,1,0
1903,0,0,1,0,0,0,69.9,10,4,69,22,1,1,2.0,0,0,0,1
1904,0,0,0,1,0,0,15.6,1,2,64,24,0,0,3.7,0,0,1,0
1905,0,0,0,0,0,1,17.6,6,3,35,43,1,0,1.6,0,0,0,0
1906,0,0,1,0,0,0,67.5,13,2,82,104,1,1,0.4,0,1,0,0
1907,0,1,0,0,0,0,72.0,8,2,34,296,1,1,3.7,0,0,0,1
1908,0,0,0,0,0,0,29.3,14,3,67,115,1,1,2.9,0,0,1,0
1909,0,0,0,0,0,0,81.2,13,3,43,212,1,1,0.6,0,1,0,0
1910,0,1,0,0,0,0,108.8,5,4,5,113,1,1,1.2,0,0,1,0
1911,1,0,0,0,0,0,25.2,4,3,83,142,1,0,0.1,1,0,0,0
1912,0,0,1,0,0,0,57.3,6,5,28,268,0,0,3.2,1,0,0,0
1913,0,1,0,0,0,0,35.2,3,2,18,58,1,0,1.2,0,0,1,0
1914,0,0,0,0,0,0,77.2,6,2,63,240,0,0,4.8,1,0,0,0
1915,0,0,0,1,0,0,40.6,3,1,76,256,0,0,2.4,0,0,1,0
1916,0,1,0,0,0,0,47.0,9,3,26,178,0,0,0.1,0,1,0,0
1917,0,0,1,0,0,0,42.7,8,4,47,78,1,0,1.8,0,0,1,0
1918,0,0,1,0,0,0,18.5,6,5,21,37,1,1,9.3,0,0,1,0
1919,0,1,0,0,0,0,29.8,7,2,25,23,0,1,0.5,0,1,0,0
1920,0,0,0,0,0,0,38.0,10,1,92,125,1,1,1.7,1,0,0,0
1921,0,1,0,0,0,0,89.9,5,2,42,195,1,1,0.2,0,0,0,1
1922,0,0,1,0,0,0,27.4,7,3,64,274,1,1,0.6,0,0,1,0
1923,0,0,0,1,0,0,69.6,12,0,42,118,1,0,0.4,0,0,0,1
1924,1,0,0,0,0,0,36.5,6,0,9,238,0,1,1.1,0,0,0,1
1925,0,0,0,0,0,1,90.9,14,4,48,282,1,0,2.1,0,0,0,1
1926,0,0,0,1,0,0,51.4,9,3,74,259,0,0,1.6,0,0,0,0
1927,0,0,1,0,0,0,68.2,5,1,45,111,0,1,21.5,0,0,0,1
1928,1,0,0,0,0,0,81.1,3,2,64,125,1,0,0.2,0,1,0,0
1929,0,0,1,0,0,0,68.9,14,2,23,10,1,1,5.1,0,0,0,0
1930,0,0,0,0,0,1,152.5,11,2,64,136,1,1,0.3,0,0,0,1
1931,0,0,1,0,0,0,27.2,11,1,26,13,1,1,0.2,0,0,0,1
1932,0,0,0,0,1,0,97.0,2,2,5,186,0,0,10.8,0,0,0,0
1933,0,1,0,0,0,0,82.4,1,2,2,95,1,1,2.1,1,0,0,0
1934,0,0,0,0,0,0,43.2,6,2,10,192,1,0,1.1,0,0,0,1
1935,1,0,0,0,0,0,53.1,3,0,24,104,0,0,4.2,0,0,0,1
1936,0,0,0,0,0,1,37.9,9,3,22,188,1,1,0.7,0,1,0,0
1937,0,0,0,0,0,1,18.3,8,4,76,263,1,1,2.4,1,0,0,0
1938,0,0,0,0,0,1,83.7,11,1,48,197,1,1,4.8,0,1,0,0
1939,0,0,0,0,0,1,46.5,14,1,96,157,1,0,7.2,0,1,0,0
1940,0,1,0,0,0,0,93.7,13,1,39,239,0,0,0.6,0,0,0,0
1941,0,0,0,1,0,0,40.0,6,0,68,142,0,0,2.4,0,1,0,0
1942,1,0,0,0,0,0,87.4,14,2,90,277,0,0,0.4,1,0,0,0
1943,0,0,0,0,0,0,79.2,13,1,80,140,1,1,0.1,0,0,1,0
1944,0,0,0,0,0,0,71.5,5,1,48,282,1,1,1.1,0,0,0,1
1945,1,0,0,0,0,0,33.9,9,5,33,123,0,1,1.1,0,0,0,0
1946,0,0,0,0,0,0,11.2,9,1,40,128,1,1,0.6,0,1,0,0
1947,0,0,0,1,0,0,76.6,14,2,62,231,1,0,9.0,1,0,0,0
1948,0,0,1,0,0,0,75.7,4,1,67,246,1,1,2.8,0,0,1,0
1949,0,0,1,0,0,0,86.1,7,3,76,193,1,1,5.2,1,0,0,0
1950,0,0,0,0,1,0,10.0,10,5,41,9,1,1,2.2,0,0,0,1
1951,1,0,0,0,0,0,29.1,12,0,2,197,0,0,2.6,0,0,0,0
1952,0,1,0,0,0,0,46.9,11,2,54,221,0,1,0.2,0,1,0,0
1953,0,0,0,0,0,1,52.3,9,3,23,118,1,1,2.4,0,0,1,0
1954,0,0,0,1,0,0,48.3,14,0,5,74,0,0,1.5,0,0,1,0
1955,0,0,0,0,1,0,60.3,12,0,27,101,1,0,4.6,0,0,0,0
1956,0,0,0,0,1,0,10.0,5,1,77,73,0,1,3.2,0,1,0,0
1957,0,0,0,0,1,0,93.1,7,2,35,114,1,0,1.1,0,0,0,1
1958,0,0,0,1,0,0,34.0,7,2,95,243,0,0,8.8,0,0,1,0
1959,0,0,1,0,0,0,37.9,1,2,53,17,1,0,0.7,0,0,0,1
1960,0,0,0,0,0,1,86.7,9,1,45,190,1,1,4.1,0,0,0,1
1961,0,0,1,0,0,0,35.8,9,2,4,115,1,1,0.5,1,0,0,0
1962,0,0,0,0,0,0,42.1,10,1,42,266,0,1,3.2,1,0,0,0
1963,1,0,0,0,0,0,124.1,4,2,97,213,0,0,0.2,0,0,0,1
1964,1,0,0,0,0,0,10.0,6,1,98,1,1,1,1.4,0,0,0,1
1965,1,0,0,0,0,0,94.7,2,2,46,261,1,1,0.9,0,0,1,0
1966,0,0,0,0,0,0,98.4,4,0,48,286,1,1,1.4,1,0,0,0
1967,0,0,0,0,1,0,67.5,1,4,44,120,1,1,6.6,0,0,0,0
1968,0,0,0,0,0,1,42.1,11,5,29,203,0,1,2.1,0,0,0,0
1969,0,1,0,0,0,0,53.1,11,1,15,70,0,0,3.9,0,0,0,0
1970,0,0,0,0,1,0,62.4,4,5,1,116,0,0,8.2,0,0,1,0
1971,0,1,0,0,0,0,33.5,8,1,19,185,0,1,6.6,1,0,0,0
1972,0,0,0,0,1,0,34.9,14,2,72,247,0,0,0.6,0,1,0,0
1973,0,1,0,0,0,0,66.1,5,0,3,269,0,1,0.6,0,0,0,1
1974,0,0,1,0,0,0,48.2,11,3,86,204,1,0,0.1,0,1,0,0
1975,0,0,0,0,1,0,87.7,6,5,40,11,1,1,0.7,0,0,0,0
1976,0,0,0,0,0,1,60.4,4,1,98,83,0,0,0.4,0,0,0,0
1977,0,0,1,0,0,0,33.2,6,2,23,163,1,1,0.1,0,1,0,0
1978,0,0,0,0,0,0,88.0,14,5,12,79,1,1,0.8,0,0,0,0
1979,0,0,0,0,0,1,112.2,12,0,75,280,1,0,1.4,0,0,0,1
1980,0,0,0,0,1,0,21.7,10,2,47,11,1,1,4.3,0,0,0,1
1981,1,0,0,0,0,0,66.9,5,5,80,142,0,1,3.8,1,0,0,0
1982,0,0,0,0,1,0,80.0,7,2,0,50,0,0,25.2,0,0,0,0
1983,0,0,0,0,0,0,44.7,7,1,95,87,0,1,2.7,1,0,0,0
1984,0,1,0,0,0,0,45.0,13,2,64,142,0,1,0.2,0,1,0,0
1985,0,0,0,0,0,0,35.1,14,2,32,92,1,0,0.5,1,0,0,0
1986,0,0,1,0,0,0,72.6,4,2,97,287,1,0,4.4,1,0,0,0
1987,0,0,0,0,1,0,21.4,9,2,68,95,1,1,1.9,0,0,0,1
1988,0,0,0,0,1,0,74.4,2,4,15,266,0,0,4.3,0,0,0,1
1989,0,0,0,0,1,0,64.6,3,2,1,9,1,1,1.1,1,0,0,0
1990,0,0,1,0,0,0,88.9,3,1,98,109,1,0,2.6,0,0,0,1
1991,0,0,0,0,0,0,70.6,10,5,72,78,0,1,14.7,0,0,0,0
1992,1,0,0,0,0,0,29.4,5,7,27,263,1,0,6.0,0,1,0,0
1993,0,0,0,0,0,1,76.5,3,1,35,19,0,0,1.2,0,0,1,0
1994,0,0,0,0,0,1,23.6,3,1,9,82,0,1,13.2,1,0,0,0
1995,0,0,0,0,1,0,36.5,10,1,17,239,1,1,1.5,0,0,1,0
1996,1,0,0,0,0,0,28.3,8,1,59,167,1,1,2.8,0,0,1,0
1997,0,0,1,0,0,0,88.1,10,3,26,127,1,0,1.9,1,0,0,0
1998,1,0,0,0,0,0,85.7,9,6,15,67,1,1,0.7,0,0,0,1
1999,0,0,0,1,0,0,38.2,1,3,35,98,1,0,2.0,0,0,1,0
2000,0,0,0,1,0,0,61.0,5,4,90,254,1,0,7.2,1,0,0,0
